model,scheme,layer,resample,baseline_len,baseline_gsm8k,peak_len,peak_len_alpha,first_collapse_abs_alpha,gsm8k_safe_abs_alpha,residual_norm,parser,probe,run_tag
Meta-Llama-3.1-8B-Instruct,fp16,16,1,180.0,0.875,338.0,12.0,-10.0,0.0,9.52,v2.3.1,gsm8k,Meta-Llama-3-1-8B-Instruct_fp16_length_L16_r1
Meta-Llama-3.1-8B-Instruct,fp16,16,2,199.0,0.85,287.0,12.0,-10.0,0.0,9.52,v2.3.1,gsm8k,Meta-Llama-3-1-8B-Instruct_fp16_length_L16_r2
Meta-Llama-3.1-8B-Instruct,fp16,16,3,235.0,0.845,444.0,-8.0,-12.0,0.0,9.52,v2.3.1,gsm8k,Meta-Llama-3-1-8B-Instruct_fp16_length_L16_r3
Meta-Llama-3.1-8B-Instruct,fp16,16,4,163.0,0.915,390.0,10.0,-12.0,0.0,9.52,v2.3.1,gsm8k,Meta-Llama-3-1-8B-Instruct_fp16_length_L16_r4
Meta-Llama-3.1-8B-Instruct,fp16,16,5,114.5,0.83,122.5,6.0,-12.0,0.0,9.52,v2.3.1,gsm8k,Meta-Llama-3-1-8B-Instruct_fp16_length_L16_r5
Meta-Llama-3.1-8B-Instruct,int8,16,1,142.0,0.87,191.0,-10.0,-12.0,0.0,9.38,v2.3.1,gsm8k,Meta-Llama-3-1-8B-Instruct_w8a16_bnb_int8_length_L16_r1
Meta-Llama-3.1-8B-Instruct,int8,16,2,163.0,0.865,298.5,8.0,-10.0,0.0,9.38,v2.3.1,gsm8k,Meta-Llama-3-1-8B-Instruct_w8a16_bnb_int8_length_L16_r2
Meta-Llama-3.1-8B-Instruct,int8,16,3,119.5,0.86,351.0,2.0,12.0,2.0,9.38,v2.3.1,gsm8k,Meta-Llama-3-1-8B-Instruct_w8a16_bnb_int8_length_L16_r3
Meta-Llama-3.1-8B-Instruct,int8,16,4,152.5,0.925,319.0,12.0,-10.0,0.0,9.38,v2.3.1,gsm8k,Meta-Llama-3-1-8B-Instruct_w8a16_bnb_int8_length_L16_r4
Meta-Llama-3.1-8B-Instruct,int8,16,5,123.5,0.85,251.0,-10.0,-12.0,0.0,9.38,v2.3.1,gsm8k,Meta-Llama-3-1-8B-Instruct_w8a16_bnb_int8_length_L16_r5
Meta-Llama-3.1-8B-Instruct,nf4,16,1,189.0,0.855,232.5,10.0,-10.0,0.0,9.24,v2.3.1,gsm8k,Meta-Llama-3-1-8B-Instruct_w4a16_bnb_nf4_length_L16_r1
Meta-Llama-3.1-8B-Instruct,nf4,16,2,227.0,0.88,299.0,12.0,-10.0,0.0,9.24,v2.3.1,gsm8k,Meta-Llama-3-1-8B-Instruct_w4a16_bnb_nf4_length_L16_r2
Meta-Llama-3.1-8B-Instruct,nf4,16,3,307.0,0.82,400.0,-6.0,-12.0,0.0,9.24,v2.3.1,gsm8k,Meta-Llama-3-1-8B-Instruct_w4a16_bnb_nf4_length_L16_r3
Meta-Llama-3.1-8B-Instruct,nf4,16,4,113.0,0.855,181.0,6.0,-8.0,2.0,9.24,v2.3.1,gsm8k,Meta-Llama-3-1-8B-Instruct_w4a16_bnb_nf4_length_L16_r4
Meta-Llama-3.1-8B-Instruct,nf4,16,5,108.5,0.8,133.5,8.0,-12.0,0.0,9.24,v2.3.1,gsm8k,Meta-Llama-3-1-8B-Instruct_w4a16_bnb_nf4_length_L16_r5
Mistral-7B-Instruct-v0.3,fp16,16,1,109.5,0.56,262.0,5.0,-7.0,0.0,10.24,v2.3,gsm8k,Mistral-7B-Instruct-v0-3_fp16_length_L16_r1
Mistral-7B-Instruct-v0.3,fp16,16,2,127.0,0.555,380.5,4.0,-7.0,0.0,10.24,v2.3,gsm8k,Mistral-7B-Instruct-v0-3_fp16_length_L16_r2
Mistral-7B-Instruct-v0.3,fp16,16,3,114.0,0.53,151.0,2.0,-7.0,0.0,10.24,v2.3.1,gsm8k,Mistral-7B-Instruct-v0-3_fp16_length_L16_r3
Mistral-7B-Instruct-v0.3,fp16,16,4,120.5,0.565,447.0,4.0,5.0,0.0,10.24,v2.3,gsm8k,Mistral-7B-Instruct-v0-3_fp16_length_L16_r4
Mistral-7B-Instruct-v0.3,fp16,16,5,108.5,0.515,134.5,3.0,-7.0,0.0,10.24,v2.3,gsm8k,Mistral-7B-Instruct-v0-3_fp16_length_L16_r5
Mistral-7B-Instruct-v0.3,int8,16,1,116.0,0.51,200.5,2.0,-7.0,0.0,11.11,v2.3.1,gsm8k,Mistral-7B-Instruct-v0-3_w8a16_bnb_int8_length_L16_r1
Mistral-7B-Instruct-v0.3,int8,16,2,137.0,0.46,643.0,5.0,-7.0,1.0,11.11,v2.3.1,gsm8k,Mistral-7B-Instruct-v0-3_w8a16_bnb_int8_length_L16_r2
Mistral-7B-Instruct-v0.3,int8,16,3,117.0,0.505,179.0,3.0,-7.0,0.0,11.11,v2.3.1,gsm8k,Mistral-7B-Instruct-v0-3_w8a16_bnb_int8_length_L16_r3
Mistral-7B-Instruct-v0.3,int8,16,4,127.0,0.5,321.0,4.0,5.0,2.0,11.11,v2.3.1,gsm8k,Mistral-7B-Instruct-v0-3_w8a16_bnb_int8_length_L16_r4
Mistral-7B-Instruct-v0.3,int8,16,5,115.0,0.425,149.0,-7.0,7.0,0.0,11.11,v2.3.1,gsm8k,Mistral-7B-Instruct-v0-3_w8a16_bnb_int8_length_L16_r5
Mistral-7B-Instruct-v0.3,nf4,16,1,110.0,0.36,301.0,5.0,-7.0,2.0,9.71,v2.3.1,gsm8k,Mistral-7B-Instruct-v0-3_w4a16_bnb_nf4_length_L16_r1
Mistral-7B-Instruct-v0.3,nf4,16,2,145.5,0.45,488.5,4.0,5.0,0.0,9.71,v2.3.1,gsm8k,Mistral-7B-Instruct-v0-3_w4a16_bnb_nf4_length_L16_r2
Mistral-7B-Instruct-v0.3,nf4,16,3,148.0,0.36,219.0,-5.0,-7.0,0.0,9.71,v2.3.1,gsm8k,Mistral-7B-Instruct-v0-3_w4a16_bnb_nf4_length_L16_r3
Mistral-7B-Instruct-v0.3,nf4,16,4,109.0,0.305,216.0,2.0,-7.0,2.0,9.71,v2.3.1,gsm8k,Mistral-7B-Instruct-v0-3_w4a16_bnb_nf4_length_L16_r4
Mistral-7B-Instruct-v0.3,nf4,16,5,95.5,0.35,151.0,3.0,-7.0,0.0,9.71,v2.3.1,gsm8k,Mistral-7B-Instruct-v0-3_w4a16_bnb_nf4_length_L16_r5
Qwen2.5-7B-Instruct,fp16,14,1,203.0,0.925,258.0,40.0,-60.0,20.0,270.84,v2.3.1,gsm8k,Qwen2-5-7B-Instruct_fp16_length_L14_r1
Qwen2.5-7B-Instruct,fp16,14,2,235.5,0.915,304.0,20.0,-80.0,20.0,270.84,v2.3,gsm8k,Qwen2-5-7B-Instruct_fp16_length_L14_r2
Qwen2.5-7B-Instruct,fp16,14,3,209.0,0.92,268.0,15.0,-60.0,20.0,270.84,v2.3,gsm8k,Qwen2-5-7B-Instruct_fp16_length_L14_r3
Qwen2.5-7B-Instruct,fp16,14,4,216.0,0.93,270.0,15.0,60.0,20.0,270.84,v2.3,gsm8k,Qwen2-5-7B-Instruct_fp16_length_L14_r4
Qwen2.5-7B-Instruct,fp16,14,5,174.0,0.865,232.0,20.0,60.0,20.0,270.84,v2.3,gsm8k,Qwen2-5-7B-Instruct_fp16_length_L14_r5
Qwen2.5-7B-Instruct,int8,14,1,198.0,0.91,230.5,40.0,60.0,20.0,267.05,v2.3.1,gsm8k,Qwen2-5-7B-Instruct_w8a16_bnb_int8_length_L14_r1
Qwen2.5-7B-Instruct,int8,14,2,275.5,0.925,304.0,15.0,60.0,20.0,267.05,v2.3.1,gsm8k,Qwen2-5-7B-Instruct_w8a16_bnb_int8_length_L14_r2
Qwen2.5-7B-Instruct,int8,14,3,263.0,0.92,383.0,-60.0,60.0,20.0,267.05,v2.3,gsm8k,Qwen2-5-7B-Instruct_w8a16_bnb_int8_length_L14_r3
Qwen2.5-7B-Instruct,int8,14,4,201.0,0.905,232.5,5.0,60.0,20.0,267.05,v2.3.1,gsm8k,Qwen2-5-7B-Instruct_w8a16_bnb_int8_length_L14_r4
Qwen2.5-7B-Instruct,int8,14,5,174.0,0.87,252.0,20.0,60.0,20.0,267.05,v2.3.1,gsm8k,Qwen2-5-7B-Instruct_w8a16_bnb_int8_length_L14_r5
Qwen2.5-7B-Instruct,nf4,14,1,204.0,0.885,265.0,40.0,-60.0,20.0,263.39,v2.3.1,gsm8k,Qwen2-5-7B-Instruct_w4a16_bnb_nf4_length_L14_r1
Qwen2.5-7B-Instruct,nf4,14,2,236.0,0.855,725.0,60.0,-60.0,0.0,263.39,v2.3.1,gsm8k,Qwen2-5-7B-Instruct_w4a16_bnb_nf4_length_L14_r2
Qwen2.5-7B-Instruct,nf4,14,3,201.5,0.895,283.0,10.0,-60.0,20.0,263.39,v2.3.1,gsm8k,Qwen2-5-7B-Instruct_w4a16_bnb_nf4_length_L14_r3
Qwen2.5-7B-Instruct,nf4,14,4,212.0,0.89,239.5,10.0,-60.0,20.0,263.39,v2.3.1,gsm8k,Qwen2-5-7B-Instruct_w4a16_bnb_nf4_length_L14_r4
Qwen2.5-7B-Instruct,nf4,14,5,188.5,0.86,275.0,60.0,-60.0,0.0,263.39,v2.3.1,gsm8k,Qwen2-5-7B-Instruct_w4a16_bnb_nf4_length_L14_r5
gemma-2-9b-it,fp16,21,1,122.5,0.815,188.0,250.0,-300.0,0.0,405.96,v2.3,gsm8k,gemma-2-9b-it_fp16_length_L21_r1
gemma-2-9b-it,fp16,21,2,153.5,0.81,253.0,120.0,-300.0,120.0,405.96,v2.3.1,gsm8k,gemma-2-9b-it_fp16_length_L21_r2
gemma-2-9b-it,fp16,21,3,161.0,0.825,198.0,250.0,-300.0,120.0,405.96,v2.3.1,gsm8k,gemma-2-9b-it_fp16_length_L21_r3
gemma-2-9b-it,fp16,21,4,146.0,0.85,154.0,250.0,-300.0,0.0,405.96,v2.3.1,gsm8k,gemma-2-9b-it_fp16_length_L21_r4
gemma-2-9b-it,fp16,21,5,122.0,0.785,244.0,250.0,300.0,120.0,405.96,v2.3.1,gsm8k,gemma-2-9b-it_fp16_length_L21_r5
gemma-2-9b-it,int8,21,1,124.5,0.805,176.0,250.0,-300.0,0.0,404.01,v2.3.1,gsm8k,gemma-2-9b-it_w8a16_bnb_int8_length_L21_r1
gemma-2-9b-it,int8,21,2,141.0,0.815,248.0,250.0,-300.0,0.0,404.01,v2.3.1,gsm8k,gemma-2-9b-it_w8a16_bnb_int8_length_L21_r2
gemma-2-9b-it,int8,21,3,131.0,0.835,138.0,20.0,-300.0,100.0,404.01,v2.3.1,gsm8k,gemma-2-9b-it_w8a16_bnb_int8_length_L21_r3
gemma-2-9b-it,int8,21,4,136.0,0.87,151.0,250.0,-300.0,0.0,404.01,v2.3.1,gsm8k,gemma-2-9b-it_w8a16_bnb_int8_length_L21_r4
gemma-2-9b-it,int8,21,5,122.0,0.795,240.0,250.0,300.0,120.0,404.01,v2.3.1,gsm8k,gemma-2-9b-it_w8a16_bnb_int8_length_L21_r5
gemma-2-9b-it,nf4,21,1,130.0,0.735,205.0,200.0,250.0,0.0,400.01,v2.3.1,gsm8k,gemma-2-9b-it_w4a16_bnb_nf4_length_L21_r1
gemma-2-9b-it,nf4,21,2,140.5,0.755,377.0,300.0,-300.0,80.0,400.01,v2.3.1,gsm8k,gemma-2-9b-it_w4a16_bnb_nf4_length_L21_r2
gemma-2-9b-it,nf4,21,3,141.0,0.795,227.0,250.0,-300.0,120.0,400.01,v2.3.1,gsm8k,gemma-2-9b-it_w4a16_bnb_nf4_length_L21_r3
gemma-2-9b-it,nf4,21,4,140.0,0.82,174.0,250.0,-300.0,0.0,400.01,v2.3.1,gsm8k,gemma-2-9b-it_w4a16_bnb_nf4_length_L21_r4
gemma-2-9b-it,nf4,21,5,133.0,0.73,190.0,250.0,300.0,120.0,400.01,v2.3.1,gsm8k,gemma-2-9b-it_w4a16_bnb_nf4_length_L21_r5
