model,scheme,layer,resample,alpha,length_median,length_fail,gsm8k,gsm8k_fail,residual_norm,parser
gemma-2-9b-it,fp16,21,1,-300.0,0.0,1.0,,,405.96,v2.3
gemma-2-9b-it,fp16,21,1,-250.0,119.0,0.0,,,405.96,v2.3
gemma-2-9b-it,fp16,21,1,-200.0,112.0,0.0,,,405.96,v2.3
gemma-2-9b-it,fp16,21,1,-160.0,108.0,0.0,,,405.96,v2.3
gemma-2-9b-it,fp16,21,1,-120.0,117.0,0.0,,,405.96,v2.3
gemma-2-9b-it,fp16,21,1,-100.0,121.0,0.0,,,405.96,v2.3
gemma-2-9b-it,fp16,21,1,-80.0,119.5,0.0,,,405.96,v2.3
gemma-2-9b-it,fp16,21,1,-60.0,122.0,0.0,,,405.96,v2.3
gemma-2-9b-it,fp16,21,1,-40.0,120.5,0.0,,,405.96,v2.3
gemma-2-9b-it,fp16,21,1,-20.0,124.5,0.0,,,405.96,v2.3
gemma-2-9b-it,fp16,21,1,0.0,122.5,0.0,0.815,0.08,405.96,v2.3
gemma-2-9b-it,fp16,21,1,20.0,127.0,0.0,,,405.96,v2.3
gemma-2-9b-it,fp16,21,1,40.0,133.0,0.0,,,405.96,v2.3
gemma-2-9b-it,fp16,21,1,60.0,136.5,0.0,,,405.96,v2.3
gemma-2-9b-it,fp16,21,1,80.0,133.5,0.0,,,405.96,v2.3
gemma-2-9b-it,fp16,21,1,100.0,128.5,0.0,,,405.96,v2.3
gemma-2-9b-it,fp16,21,1,120.0,116.5,0.0,,,405.96,v2.3
gemma-2-9b-it,fp16,21,1,160.0,131.0,0.0,,,405.96,v2.3
gemma-2-9b-it,fp16,21,1,200.0,183.0,0.2,0.2,0.61,405.96,v2.3
gemma-2-9b-it,fp16,21,1,250.0,188.0,0.6,0.0,1.0,405.96,v2.3
gemma-2-9b-it,fp16,21,1,300.0,0.0,1.0,0.0,1.0,405.96,v2.3
gemma-2-9b-it,fp16,21,2,-300.0,0.0,1.0,0.0,1.0,405.96,v2.3.1
gemma-2-9b-it,fp16,21,2,-250.0,121.0,0.0,0.045,0.81,405.96,v2.3.1
gemma-2-9b-it,fp16,21,2,-200.0,106.0,0.4,0.285,0.195,405.96,v2.3.1
gemma-2-9b-it,fp16,21,2,-160.0,136.0,0.0,0.68,0.1,405.96,v2.3.1
gemma-2-9b-it,fp16,21,2,-120.0,136.0,0.0,0.775,0.065,405.96,v2.3.1
gemma-2-9b-it,fp16,21,2,-100.0,136.0,0.0,,,405.96,v2.3.1
gemma-2-9b-it,fp16,21,2,-80.0,135.0,0.0,,,405.96,v2.3.1
gemma-2-9b-it,fp16,21,2,-60.0,125.0,0.0,,,405.96,v2.3.1
gemma-2-9b-it,fp16,21,2,-40.0,132.0,0.0,,,405.96,v2.3.1
gemma-2-9b-it,fp16,21,2,-20.0,147.0,0.0,,,405.96,v2.3.1
gemma-2-9b-it,fp16,21,2,0.0,153.5,0.0,0.81,0.1,405.96,v2.3.1
gemma-2-9b-it,fp16,21,2,20.0,145.0,0.0,,,405.96,v2.3.1
gemma-2-9b-it,fp16,21,2,40.0,153.0,0.0,,,405.96,v2.3.1
gemma-2-9b-it,fp16,21,2,60.0,164.0,0.0,,,405.96,v2.3.1
gemma-2-9b-it,fp16,21,2,80.0,161.0,0.0,,,405.96,v2.3.1
gemma-2-9b-it,fp16,21,2,100.0,175.0,0.0,,,405.96,v2.3.1
gemma-2-9b-it,fp16,21,2,120.0,253.0,0.0,,,405.96,v2.3.1
gemma-2-9b-it,fp16,21,2,160.0,148.5,0.0,,,405.96,v2.3.1
gemma-2-9b-it,fp16,21,2,200.0,149.5,0.0,,,405.96,v2.3.1
gemma-2-9b-it,fp16,21,2,250.0,191.0,0.4,,,405.96,v2.3.1
gemma-2-9b-it,fp16,21,2,300.0,224.0,0.5,,,405.96,v2.3.1
gemma-2-9b-it,fp16,21,3,-300.0,0.0,1.0,,,405.96,v2.3.1
gemma-2-9b-it,fp16,21,3,-250.0,122.0,0.4,,,405.96,v2.3.1
gemma-2-9b-it,fp16,21,3,-200.0,88.0,0.1,,,405.96,v2.3.1
gemma-2-9b-it,fp16,21,3,-160.0,105.0,0.0,,,405.96,v2.3.1
gemma-2-9b-it,fp16,21,3,-120.0,130.0,0.0,,,405.96,v2.3.1
gemma-2-9b-it,fp16,21,3,-100.0,132.0,0.0,,,405.96,v2.3.1
gemma-2-9b-it,fp16,21,3,-80.0,120.0,0.0,,,405.96,v2.3.1
gemma-2-9b-it,fp16,21,3,-60.0,129.0,0.0,,,405.96,v2.3.1
gemma-2-9b-it,fp16,21,3,-40.0,129.0,0.0,,,405.96,v2.3.1
gemma-2-9b-it,fp16,21,3,-20.0,134.0,0.0,,,405.96,v2.3.1
gemma-2-9b-it,fp16,21,3,0.0,161.0,0.0,0.825,0.075,405.96,v2.3.1
gemma-2-9b-it,fp16,21,3,20.0,152.0,0.0,,,405.96,v2.3.1
gemma-2-9b-it,fp16,21,3,40.0,136.5,0.0,,,405.96,v2.3.1
gemma-2-9b-it,fp16,21,3,60.0,135.0,0.0,,,405.96,v2.3.1
gemma-2-9b-it,fp16,21,3,80.0,115.0,0.0,0.855,0.05,405.96,v2.3.1
gemma-2-9b-it,fp16,21,3,100.0,122.0,0.0,0.825,0.055,405.96,v2.3.1
gemma-2-9b-it,fp16,21,3,120.0,103.5,0.0,0.815,0.055,405.96,v2.3.1
gemma-2-9b-it,fp16,21,3,160.0,100.5,0.0,0.7,0.08,405.96,v2.3.1
gemma-2-9b-it,fp16,21,3,200.0,99.0,0.0,0.375,0.41,405.96,v2.3.1
gemma-2-9b-it,fp16,21,3,250.0,198.0,0.9,0.0,0.96,405.96,v2.3.1
gemma-2-9b-it,fp16,21,3,300.0,0.0,1.0,0.0,1.0,405.96,v2.3.1
gemma-2-9b-it,fp16,21,4,-300.0,0.0,1.0,,,405.96,v2.3.1
gemma-2-9b-it,fp16,21,4,-250.0,120.0,0.4,,,405.96,v2.3.1
gemma-2-9b-it,fp16,21,4,-200.0,90.0,0.4,,,405.96,v2.3.1
gemma-2-9b-it,fp16,21,4,-160.0,88.0,0.4,,,405.96,v2.3.1
gemma-2-9b-it,fp16,21,4,-120.0,122.0,0.0,,,405.96,v2.3.1
gemma-2-9b-it,fp16,21,4,-100.0,124.5,0.0,,,405.96,v2.3.1
gemma-2-9b-it,fp16,21,4,-80.0,121.0,0.0,,,405.96,v2.3.1
gemma-2-9b-it,fp16,21,4,-60.0,129.5,0.0,,,405.96,v2.3.1
gemma-2-9b-it,fp16,21,4,-40.0,135.0,0.0,,,405.96,v2.3.1
gemma-2-9b-it,fp16,21,4,-20.0,150.0,0.0,,,405.96,v2.3.1
gemma-2-9b-it,fp16,21,4,0.0,146.0,0.0,0.85,0.04,405.96,v2.3.1
gemma-2-9b-it,fp16,21,4,20.0,142.0,0.0,,,405.96,v2.3.1
gemma-2-9b-it,fp16,21,4,40.0,149.5,0.0,,,405.96,v2.3.1
gemma-2-9b-it,fp16,21,4,60.0,138.0,0.0,,,405.96,v2.3.1
gemma-2-9b-it,fp16,21,4,80.0,144.0,0.0,,,405.96,v2.3.1
gemma-2-9b-it,fp16,21,4,100.0,127.0,0.0,,,405.96,v2.3.1
gemma-2-9b-it,fp16,21,4,120.0,145.0,0.0,,,405.96,v2.3.1
gemma-2-9b-it,fp16,21,4,160.0,116.5,0.0,0.68,0.155,405.96,v2.3.1
gemma-2-9b-it,fp16,21,4,200.0,135.5,0.0,0.23,0.55,405.96,v2.3.1
gemma-2-9b-it,fp16,21,4,250.0,154.0,0.6,0.015,0.985,405.96,v2.3.1
gemma-2-9b-it,fp16,21,4,300.0,0.0,1.0,0.0,1.0,405.96,v2.3.1
gemma-2-9b-it,fp16,21,5,-300.0,70.0,0.8,,,405.96,v2.3.1
gemma-2-9b-it,fp16,21,5,-250.0,87.0,0.1,,,405.96,v2.3.1
gemma-2-9b-it,fp16,21,5,-200.0,97.5,0.0,,,405.96,v2.3.1
gemma-2-9b-it,fp16,21,5,-160.0,90.0,0.0,,,405.96,v2.3.1
gemma-2-9b-it,fp16,21,5,-120.0,92.0,0.0,,,405.96,v2.3.1
gemma-2-9b-it,fp16,21,5,-100.0,105.5,0.0,,,405.96,v2.3.1
gemma-2-9b-it,fp16,21,5,-80.0,111.5,0.0,,,405.96,v2.3.1
gemma-2-9b-it,fp16,21,5,-60.0,119.0,0.0,,,405.96,v2.3.1
gemma-2-9b-it,fp16,21,5,-40.0,119.0,0.0,,,405.96,v2.3.1
gemma-2-9b-it,fp16,21,5,-20.0,119.0,0.0,,,405.96,v2.3.1
gemma-2-9b-it,fp16,21,5,0.0,122.0,0.0,0.785,0.085,405.96,v2.3.1
gemma-2-9b-it,fp16,21,5,20.0,131.5,0.0,,,405.96,v2.3.1
gemma-2-9b-it,fp16,21,5,40.0,138.0,0.0,,,405.96,v2.3.1
gemma-2-9b-it,fp16,21,5,60.0,141.0,0.0,,,405.96,v2.3.1
gemma-2-9b-it,fp16,21,5,80.0,143.0,0.0,0.8,0.09,405.96,v2.3.1
gemma-2-9b-it,fp16,21,5,100.0,143.0,0.0,0.79,0.075,405.96,v2.3.1
gemma-2-9b-it,fp16,21,5,120.0,171.5,0.0,0.745,0.12,405.96,v2.3.1
gemma-2-9b-it,fp16,21,5,160.0,168.0,0.0,0.57,0.295,405.96,v2.3.1
gemma-2-9b-it,fp16,21,5,200.0,181.0,0.1,0.11,0.86,405.96,v2.3.1
gemma-2-9b-it,fp16,21,5,250.0,244.0,0.5,0.0,1.0,405.96,v2.3.1
gemma-2-9b-it,fp16,21,5,300.0,0.0,1.0,0.0,1.0,405.96,v2.3.1
gemma-2-9b-it,nf4,21,1,-300.0,0.0,1.0,,,400.01,v2.3.1
gemma-2-9b-it,nf4,21,1,-250.0,117.0,0.3,,,400.01,v2.3.1
gemma-2-9b-it,nf4,21,1,-200.0,119.0,0.0,,,400.01,v2.3.1
gemma-2-9b-it,nf4,21,1,-160.0,114.0,0.0,,,400.01,v2.3.1
gemma-2-9b-it,nf4,21,1,-120.0,118.0,0.0,,,400.01,v2.3.1
gemma-2-9b-it,nf4,21,1,-100.0,116.5,0.0,,,400.01,v2.3.1
gemma-2-9b-it,nf4,21,1,-80.0,116.5,0.0,,,400.01,v2.3.1
gemma-2-9b-it,nf4,21,1,-60.0,128.0,0.0,,,400.01,v2.3.1
gemma-2-9b-it,nf4,21,1,-40.0,120.0,0.0,,,400.01,v2.3.1
gemma-2-9b-it,nf4,21,1,-20.0,119.0,0.0,,,400.01,v2.3.1
gemma-2-9b-it,nf4,21,1,0.0,130.0,0.0,0.735,0.155,400.01,v2.3.1
gemma-2-9b-it,nf4,21,1,20.0,123.5,0.0,,,400.01,v2.3.1
gemma-2-9b-it,nf4,21,1,40.0,132.0,0.0,,,400.01,v2.3.1
gemma-2-9b-it,nf4,21,1,60.0,137.0,0.0,,,400.01,v2.3.1
gemma-2-9b-it,nf4,21,1,80.0,142.0,0.0,,,400.01,v2.3.1
gemma-2-9b-it,nf4,21,1,100.0,123.0,0.0,,,400.01,v2.3.1
gemma-2-9b-it,nf4,21,1,120.0,136.0,0.0,,,400.01,v2.3.1
gemma-2-9b-it,nf4,21,1,160.0,155.0,0.0,0.58,0.26,400.01,v2.3.1
gemma-2-9b-it,nf4,21,1,200.0,205.0,0.2,0.15,0.72,400.01,v2.3.1
gemma-2-9b-it,nf4,21,1,250.0,0.0,1.0,0.0,1.0,400.01,v2.3.1
gemma-2-9b-it,nf4,21,1,300.0,0.0,1.0,0.0,1.0,400.01,v2.3.1
gemma-2-9b-it,nf4,21,2,-300.0,0.0,1.0,0.0,1.0,400.01,v2.3.1
gemma-2-9b-it,nf4,21,2,-250.0,104.0,0.1,0.01,0.85,400.01,v2.3.1
gemma-2-9b-it,nf4,21,2,-200.0,147.0,0.4,0.21,0.525,400.01,v2.3.1
gemma-2-9b-it,nf4,21,2,-160.0,125.0,0.0,0.545,0.265,400.01,v2.3.1
gemma-2-9b-it,nf4,21,2,-120.0,136.0,0.0,,,400.01,v2.3.1
gemma-2-9b-it,nf4,21,2,-100.0,136.0,0.0,,,400.01,v2.3.1
gemma-2-9b-it,nf4,21,2,-80.0,129.0,0.0,0.775,0.1,400.01,v2.3.1
gemma-2-9b-it,nf4,21,2,-60.0,119.5,0.0,0.79,0.095,400.01,v2.3.1
gemma-2-9b-it,nf4,21,2,-40.0,103.5,0.0,0.805,0.09,400.01,v2.3.1
gemma-2-9b-it,nf4,21,2,-20.0,126.0,0.0,0.785,0.12,400.01,v2.3.1
gemma-2-9b-it,nf4,21,2,0.0,140.5,0.0,0.755,0.13,400.01,v2.3.1
gemma-2-9b-it,nf4,21,2,20.0,155.0,0.0,,,400.01,v2.3.1
gemma-2-9b-it,nf4,21,2,40.0,159.0,0.0,,,400.01,v2.3.1
gemma-2-9b-it,nf4,21,2,60.0,163.0,0.0,,,400.01,v2.3.1
gemma-2-9b-it,nf4,21,2,80.0,149.0,0.0,,,400.01,v2.3.1
gemma-2-9b-it,nf4,21,2,100.0,140.0,0.0,,,400.01,v2.3.1
gemma-2-9b-it,nf4,21,2,120.0,143.0,0.0,,,400.01,v2.3.1
gemma-2-9b-it,nf4,21,2,160.0,166.5,0.0,,,400.01,v2.3.1
gemma-2-9b-it,nf4,21,2,200.0,136.0,0.4,,,400.01,v2.3.1
gemma-2-9b-it,nf4,21,2,250.0,272.0,0.6,,,400.01,v2.3.1
gemma-2-9b-it,nf4,21,2,300.0,377.0,0.9,,,400.01,v2.3.1
gemma-2-9b-it,nf4,21,3,-300.0,0.0,1.0,,,400.01,v2.3.1
gemma-2-9b-it,nf4,21,3,-250.0,104.0,0.1,,,400.01,v2.3.1
gemma-2-9b-it,nf4,21,3,-200.0,121.0,0.0,,,400.01,v2.3.1
gemma-2-9b-it,nf4,21,3,-160.0,105.0,0.0,,,400.01,v2.3.1
gemma-2-9b-it,nf4,21,3,-120.0,103.0,0.0,,,400.01,v2.3.1
gemma-2-9b-it,nf4,21,3,-100.0,110.5,0.0,,,400.01,v2.3.1
gemma-2-9b-it,nf4,21,3,-80.0,121.0,0.0,,,400.01,v2.3.1
gemma-2-9b-it,nf4,21,3,-60.0,123.0,0.0,,,400.01,v2.3.1
gemma-2-9b-it,nf4,21,3,-40.0,121.0,0.0,,,400.01,v2.3.1
gemma-2-9b-it,nf4,21,3,-20.0,127.0,0.0,,,400.01,v2.3.1
gemma-2-9b-it,nf4,21,3,0.0,141.0,0.0,0.795,0.105,400.01,v2.3.1
gemma-2-9b-it,nf4,21,3,20.0,129.0,0.0,,,400.01,v2.3.1
gemma-2-9b-it,nf4,21,3,40.0,124.0,0.0,,,400.01,v2.3.1
gemma-2-9b-it,nf4,21,3,60.0,120.5,0.0,,,400.01,v2.3.1
gemma-2-9b-it,nf4,21,3,80.0,117.0,0.0,0.81,0.06,400.01,v2.3.1
gemma-2-9b-it,nf4,21,3,100.0,119.5,0.0,0.81,0.09,400.01,v2.3.1
gemma-2-9b-it,nf4,21,3,120.0,112.0,0.0,0.755,0.08,400.01,v2.3.1
gemma-2-9b-it,nf4,21,3,160.0,110.0,0.0,0.715,0.145,400.01,v2.3.1
gemma-2-9b-it,nf4,21,3,200.0,106.0,0.0,0.215,0.605,400.01,v2.3.1
gemma-2-9b-it,nf4,21,3,250.0,227.0,0.8,0.0,0.98,400.01,v2.3.1
gemma-2-9b-it,nf4,21,3,300.0,0.0,1.0,0.0,1.0,400.01,v2.3.1
gemma-2-9b-it,nf4,21,4,-300.0,0.0,1.0,,,400.01,v2.3.1
gemma-2-9b-it,nf4,21,4,-250.0,62.0,0.4,,,400.01,v2.3.1
gemma-2-9b-it,nf4,21,4,-200.0,144.5,0.0,,,400.01,v2.3.1
gemma-2-9b-it,nf4,21,4,-160.0,134.0,0.0,,,400.01,v2.3.1
gemma-2-9b-it,nf4,21,4,-120.0,129.0,0.0,,,400.01,v2.3.1
gemma-2-9b-it,nf4,21,4,-100.0,115.0,0.0,,,400.01,v2.3.1
gemma-2-9b-it,nf4,21,4,-80.0,125.5,0.0,,,400.01,v2.3.1
gemma-2-9b-it,nf4,21,4,-60.0,118.0,0.0,,,400.01,v2.3.1
gemma-2-9b-it,nf4,21,4,-40.0,122.0,0.0,,,400.01,v2.3.1
gemma-2-9b-it,nf4,21,4,-20.0,121.0,0.0,,,400.01,v2.3.1
gemma-2-9b-it,nf4,21,4,0.0,140.0,0.0,0.82,0.08,400.01,v2.3.1
gemma-2-9b-it,nf4,21,4,20.0,146.0,0.0,,,400.01,v2.3.1
gemma-2-9b-it,nf4,21,4,40.0,141.0,0.0,,,400.01,v2.3.1
gemma-2-9b-it,nf4,21,4,60.0,139.5,0.0,,,400.01,v2.3.1
gemma-2-9b-it,nf4,21,4,80.0,135.5,0.0,,,400.01,v2.3.1
gemma-2-9b-it,nf4,21,4,100.0,143.0,0.0,,,400.01,v2.3.1
gemma-2-9b-it,nf4,21,4,120.0,123.0,0.0,,,400.01,v2.3.1
gemma-2-9b-it,nf4,21,4,160.0,111.5,0.0,0.635,0.16,400.01,v2.3.1
gemma-2-9b-it,nf4,21,4,200.0,121.0,0.0,0.245,0.495,400.01,v2.3.1
gemma-2-9b-it,nf4,21,4,250.0,174.0,0.2,0.005,0.97,400.01,v2.3.1
gemma-2-9b-it,nf4,21,4,300.0,0.0,1.0,0.0,1.0,400.01,v2.3.1
gemma-2-9b-it,nf4,21,5,-300.0,69.0,0.8,,,400.01,v2.3.1
gemma-2-9b-it,nf4,21,5,-250.0,95.0,0.1,,,400.01,v2.3.1
gemma-2-9b-it,nf4,21,5,-200.0,97.5,0.0,,,400.01,v2.3.1
gemma-2-9b-it,nf4,21,5,-160.0,90.0,0.0,,,400.01,v2.3.1
gemma-2-9b-it,nf4,21,5,-120.0,91.0,0.0,,,400.01,v2.3.1
gemma-2-9b-it,nf4,21,5,-100.0,100.0,0.0,,,400.01,v2.3.1
gemma-2-9b-it,nf4,21,5,-80.0,123.0,0.0,,,400.01,v2.3.1
gemma-2-9b-it,nf4,21,5,-60.0,118.0,0.0,,,400.01,v2.3.1
gemma-2-9b-it,nf4,21,5,-40.0,118.0,0.0,,,400.01,v2.3.1
gemma-2-9b-it,nf4,21,5,-20.0,128.0,0.0,,,400.01,v2.3.1
gemma-2-9b-it,nf4,21,5,0.0,133.0,0.0,0.73,0.15,400.01,v2.3.1
gemma-2-9b-it,nf4,21,5,20.0,136.0,0.0,,,400.01,v2.3.1
gemma-2-9b-it,nf4,21,5,40.0,137.0,0.0,,,400.01,v2.3.1
gemma-2-9b-it,nf4,21,5,60.0,132.0,0.0,,,400.01,v2.3.1
gemma-2-9b-it,nf4,21,5,80.0,127.0,0.0,,,400.01,v2.3.1
gemma-2-9b-it,nf4,21,5,100.0,137.0,0.0,,,400.01,v2.3.1
gemma-2-9b-it,nf4,21,5,120.0,134.0,0.0,0.755,0.12,400.01,v2.3.1
gemma-2-9b-it,nf4,21,5,160.0,134.0,0.0,0.56,0.32,400.01,v2.3.1
gemma-2-9b-it,nf4,21,5,200.0,158.0,0.0,0.075,0.89,400.01,v2.3.1
gemma-2-9b-it,nf4,21,5,250.0,190.0,0.7,0.0,1.0,400.01,v2.3.1
gemma-2-9b-it,nf4,21,5,300.0,0.0,1.0,0.0,1.0,400.01,v2.3.1
gemma-2-9b-it,int8,21,1,-300.0,0.0,1.0,,,404.01,v2.3.1
gemma-2-9b-it,int8,21,1,-250.0,108.0,0.0,,,404.01,v2.3.1
gemma-2-9b-it,int8,21,1,-200.0,112.0,0.0,,,404.01,v2.3.1
gemma-2-9b-it,int8,21,1,-160.0,114.0,0.0,,,404.01,v2.3.1
gemma-2-9b-it,int8,21,1,-120.0,116.0,0.0,,,404.01,v2.3.1
gemma-2-9b-it,int8,21,1,-100.0,114.0,0.0,,,404.01,v2.3.1
gemma-2-9b-it,int8,21,1,-80.0,122.0,0.0,,,404.01,v2.3.1
gemma-2-9b-it,int8,21,1,-60.0,116.5,0.0,,,404.01,v2.3.1
gemma-2-9b-it,int8,21,1,-40.0,119.0,0.0,,,404.01,v2.3.1
gemma-2-9b-it,int8,21,1,-20.0,121.0,0.0,,,404.01,v2.3.1
gemma-2-9b-it,int8,21,1,0.0,124.5,0.0,0.805,0.095,404.01,v2.3.1
gemma-2-9b-it,int8,21,1,20.0,125.0,0.0,,,404.01,v2.3.1
gemma-2-9b-it,int8,21,1,40.0,132.0,0.0,,,404.01,v2.3.1
gemma-2-9b-it,int8,21,1,60.0,133.0,0.0,,,404.01,v2.3.1
gemma-2-9b-it,int8,21,1,80.0,141.5,0.0,,,404.01,v2.3.1
gemma-2-9b-it,int8,21,1,100.0,134.0,0.0,,,404.01,v2.3.1
gemma-2-9b-it,int8,21,1,120.0,129.0,0.0,,,404.01,v2.3.1
gemma-2-9b-it,int8,21,1,160.0,128.5,0.0,,,404.01,v2.3.1
gemma-2-9b-it,int8,21,1,200.0,138.0,0.0,0.215,0.615,404.01,v2.3.1
gemma-2-9b-it,int8,21,1,250.0,176.0,0.6,0.0,1.0,404.01,v2.3.1
gemma-2-9b-it,int8,21,1,300.0,0.0,1.0,0.0,1.0,404.01,v2.3.1
gemma-2-9b-it,int8,21,2,-300.0,0.0,1.0,0.0,1.0,404.01,v2.3.1
gemma-2-9b-it,int8,21,2,-250.0,120.0,0.0,0.03,0.76,404.01,v2.3.1
gemma-2-9b-it,int8,21,2,-200.0,129.0,0.4,0.315,0.175,404.01,v2.3.1
gemma-2-9b-it,int8,21,2,-160.0,136.0,0.0,0.67,0.05,404.01,v2.3.1
gemma-2-9b-it,int8,21,2,-120.0,136.0,0.0,,,404.01,v2.3.1
gemma-2-9b-it,int8,21,2,-100.0,135.0,0.0,,,404.01,v2.3.1
gemma-2-9b-it,int8,21,2,-80.0,135.0,0.0,,,404.01,v2.3.1
gemma-2-9b-it,int8,21,2,-60.0,168.0,0.0,,,404.01,v2.3.1
gemma-2-9b-it,int8,21,2,-40.0,132.0,0.0,,,404.01,v2.3.1
gemma-2-9b-it,int8,21,2,-20.0,146.0,0.0,,,404.01,v2.3.1
gemma-2-9b-it,int8,21,2,0.0,141.0,0.0,0.815,0.085,404.01,v2.3.1
gemma-2-9b-it,int8,21,2,20.0,152.0,0.0,,,404.01,v2.3.1
gemma-2-9b-it,int8,21,2,40.0,153.0,0.0,,,404.01,v2.3.1
gemma-2-9b-it,int8,21,2,60.0,145.0,0.0,,,404.01,v2.3.1
gemma-2-9b-it,int8,21,2,80.0,145.0,0.0,,,404.01,v2.3.1
gemma-2-9b-it,int8,21,2,100.0,174.0,0.0,,,404.01,v2.3.1
gemma-2-9b-it,int8,21,2,120.0,148.0,0.0,,,404.01,v2.3.1
gemma-2-9b-it,int8,21,2,160.0,188.0,0.0,,,404.01,v2.3.1
gemma-2-9b-it,int8,21,2,200.0,211.0,0.0,,,404.01,v2.3.1
gemma-2-9b-it,int8,21,2,250.0,248.0,0.5,,,404.01,v2.3.1
gemma-2-9b-it,int8,21,2,300.0,0.0,1.0,,,404.01,v2.3.1
gemma-2-9b-it,int8,21,3,-300.0,0.0,1.0,,,404.01,v2.3.1
gemma-2-9b-it,int8,21,3,-250.0,102.0,0.8,,,404.01,v2.3.1
gemma-2-9b-it,int8,21,3,-200.0,105.0,0.0,,,404.01,v2.3.1
gemma-2-9b-it,int8,21,3,-160.0,104.0,0.0,,,404.01,v2.3.1
gemma-2-9b-it,int8,21,3,-120.0,112.0,0.0,,,404.01,v2.3.1
gemma-2-9b-it,int8,21,3,-100.0,104.0,0.0,,,404.01,v2.3.1
gemma-2-9b-it,int8,21,3,-80.0,125.0,0.0,,,404.01,v2.3.1
gemma-2-9b-it,int8,21,3,-60.0,131.0,0.0,,,404.01,v2.3.1
gemma-2-9b-it,int8,21,3,-40.0,129.0,0.0,,,404.01,v2.3.1
gemma-2-9b-it,int8,21,3,-20.0,129.0,0.0,,,404.01,v2.3.1
gemma-2-9b-it,int8,21,3,0.0,131.0,0.0,0.835,0.06,404.01,v2.3.1
gemma-2-9b-it,int8,21,3,20.0,138.0,0.0,,,404.01,v2.3.1
gemma-2-9b-it,int8,21,3,40.0,135.0,0.0,,,404.01,v2.3.1
gemma-2-9b-it,int8,21,3,60.0,135.0,0.0,0.84,0.06,404.01,v2.3.1
gemma-2-9b-it,int8,21,3,80.0,136.0,0.0,0.84,0.065,404.01,v2.3.1
gemma-2-9b-it,int8,21,3,100.0,119.0,0.0,0.815,0.07,404.01,v2.3.1
gemma-2-9b-it,int8,21,3,120.0,104.5,0.0,0.78,0.1,404.01,v2.3.1
gemma-2-9b-it,int8,21,3,160.0,114.0,0.0,0.66,0.12,404.01,v2.3.1
gemma-2-9b-it,int8,21,3,200.0,70.0,0.1,0.38,0.4,404.01,v2.3.1
gemma-2-9b-it,int8,21,3,250.0,136.0,0.7,0.005,0.965,404.01,v2.3.1
gemma-2-9b-it,int8,21,3,300.0,0.0,1.0,0.0,1.0,404.01,v2.3.1
gemma-2-9b-it,int8,21,4,-300.0,0.0,1.0,,,404.01,v2.3.1
gemma-2-9b-it,int8,21,4,-250.0,108.0,0.0,,,404.01,v2.3.1
gemma-2-9b-it,int8,21,4,-200.0,85.0,0.4,,,404.01,v2.3.1
gemma-2-9b-it,int8,21,4,-160.0,90.0,0.4,,,404.01,v2.3.1
gemma-2-9b-it,int8,21,4,-120.0,106.0,0.0,,,404.01,v2.3.1
gemma-2-9b-it,int8,21,4,-100.0,129.0,0.0,,,404.01,v2.3.1
gemma-2-9b-it,int8,21,4,-80.0,121.0,0.0,,,404.01,v2.3.1
gemma-2-9b-it,int8,21,4,-60.0,133.0,0.0,,,404.01,v2.3.1
gemma-2-9b-it,int8,21,4,-40.0,131.0,0.0,,,404.01,v2.3.1
gemma-2-9b-it,int8,21,4,-20.0,140.0,0.0,,,404.01,v2.3.1
gemma-2-9b-it,int8,21,4,0.0,136.0,0.0,0.87,0.035,404.01,v2.3.1
gemma-2-9b-it,int8,21,4,20.0,138.5,0.0,,,404.01,v2.3.1
gemma-2-9b-it,int8,21,4,40.0,132.5,0.0,,,404.01,v2.3.1
gemma-2-9b-it,int8,21,4,60.0,108.0,0.0,,,404.01,v2.3.1
gemma-2-9b-it,int8,21,4,80.0,145.5,0.0,,,404.01,v2.3.1
gemma-2-9b-it,int8,21,4,100.0,130.5,0.0,,,404.01,v2.3.1
gemma-2-9b-it,int8,21,4,120.0,140.5,0.0,,,404.01,v2.3.1
gemma-2-9b-it,int8,21,4,160.0,108.0,0.0,0.64,0.19,404.01,v2.3.1
gemma-2-9b-it,int8,21,4,200.0,129.5,0.0,0.205,0.55,404.01,v2.3.1
gemma-2-9b-it,int8,21,4,250.0,151.0,0.4,0.0,0.97,404.01,v2.3.1
gemma-2-9b-it,int8,21,4,300.0,0.0,1.0,0.0,1.0,404.01,v2.3.1
gemma-2-9b-it,int8,21,5,-300.0,43.0,0.8,,,404.01,v2.3.1
gemma-2-9b-it,int8,21,5,-250.0,82.0,0.0,,,404.01,v2.3.1
gemma-2-9b-it,int8,21,5,-200.0,98.0,0.0,,,404.01,v2.3.1
gemma-2-9b-it,int8,21,5,-160.0,89.5,0.0,,,404.01,v2.3.1
gemma-2-9b-it,int8,21,5,-120.0,90.0,0.0,,,404.01,v2.3.1
gemma-2-9b-it,int8,21,5,-100.0,100.5,0.0,,,404.01,v2.3.1
gemma-2-9b-it,int8,21,5,-80.0,106.5,0.0,,,404.01,v2.3.1
gemma-2-9b-it,int8,21,5,-60.0,116.5,0.0,,,404.01,v2.3.1
gemma-2-9b-it,int8,21,5,-40.0,123.0,0.0,,,404.01,v2.3.1
gemma-2-9b-it,int8,21,5,-20.0,119.0,0.0,,,404.01,v2.3.1
gemma-2-9b-it,int8,21,5,0.0,122.0,0.0,0.795,0.08,404.01,v2.3.1
gemma-2-9b-it,int8,21,5,20.0,132.0,0.0,,,404.01,v2.3.1
gemma-2-9b-it,int8,21,5,40.0,138.0,0.0,,,404.01,v2.3.1
gemma-2-9b-it,int8,21,5,60.0,138.0,0.0,,,404.01,v2.3.1
gemma-2-9b-it,int8,21,5,80.0,135.0,0.0,0.765,0.095,404.01,v2.3.1
gemma-2-9b-it,int8,21,5,100.0,140.0,0.0,0.775,0.08,404.01,v2.3.1
gemma-2-9b-it,int8,21,5,120.0,162.5,0.0,0.77,0.105,404.01,v2.3.1
gemma-2-9b-it,int8,21,5,160.0,141.0,0.0,0.605,0.27,404.01,v2.3.1
gemma-2-9b-it,int8,21,5,200.0,171.5,0.0,0.125,0.835,404.01,v2.3.1
gemma-2-9b-it,int8,21,5,250.0,240.0,0.5,0.0,1.0,404.01,v2.3.1
gemma-2-9b-it,int8,21,5,300.0,0.0,1.0,0.0,1.0,404.01,v2.3.1
Meta-Llama-3.1-8B-Instruct,fp16,16,1,-40.0,0.0,1.0,,,9.52,v2.3.1
Meta-Llama-3.1-8B-Instruct,fp16,16,1,-30.0,0.0,1.0,,,9.52,v2.3.1
Meta-Llama-3.1-8B-Instruct,fp16,16,1,-20.0,0.0,1.0,,,9.52,v2.3.1
Meta-Llama-3.1-8B-Instruct,fp16,16,1,-15.0,0.0,1.0,,,9.52,v2.3.1
Meta-Llama-3.1-8B-Instruct,fp16,16,1,-12.0,0.0,1.0,,,9.52,v2.3.1
Meta-Llama-3.1-8B-Instruct,fp16,16,1,-10.0,0.0,1.0,,,9.52,v2.3.1
Meta-Llama-3.1-8B-Instruct,fp16,16,1,-8.0,147.5,0.0,,,9.52,v2.3.1
Meta-Llama-3.1-8B-Instruct,fp16,16,1,-6.0,126.5,0.0,,,9.52,v2.3.1
Meta-Llama-3.1-8B-Instruct,fp16,16,1,-4.0,136.0,0.0,,,9.52,v2.3.1
Meta-Llama-3.1-8B-Instruct,fp16,16,1,-2.0,153.5,0.0,,,9.52,v2.3.1
Meta-Llama-3.1-8B-Instruct,fp16,16,1,0.0,180.0,0.0,0.875,0.03,9.52,v2.3.1
Meta-Llama-3.1-8B-Instruct,fp16,16,1,2.0,189.5,0.0,,,9.52,v2.3.1
Meta-Llama-3.1-8B-Instruct,fp16,16,1,4.0,179.5,0.0,,,9.52,v2.3.1
Meta-Llama-3.1-8B-Instruct,fp16,16,1,6.0,152.0,0.0,,,9.52,v2.3.1
Meta-Llama-3.1-8B-Instruct,fp16,16,1,8.0,140.0,0.1,,,9.52,v2.3.1
Meta-Llama-3.1-8B-Instruct,fp16,16,1,10.0,208.0,0.4,0.04,0.85,9.52,v2.3.1
Meta-Llama-3.1-8B-Instruct,fp16,16,1,12.0,338.0,0.8,0.0,0.995,9.52,v2.3.1
Meta-Llama-3.1-8B-Instruct,fp16,16,1,15.0,0.0,1.0,0.0,1.0,9.52,v2.3.1
Meta-Llama-3.1-8B-Instruct,fp16,16,1,20.0,0.0,1.0,0.0,1.0,9.52,v2.3.1
Meta-Llama-3.1-8B-Instruct,fp16,16,1,30.0,0.0,1.0,0.0,1.0,9.52,v2.3.1
Meta-Llama-3.1-8B-Instruct,fp16,16,1,40.0,0.0,1.0,,,9.52,v2.3.1
Meta-Llama-3.1-8B-Instruct,fp16,16,2,-40.0,0.0,1.0,,,9.52,v2.3.1
Meta-Llama-3.1-8B-Instruct,fp16,16,2,-30.0,0.0,1.0,,,9.52,v2.3.1
Meta-Llama-3.1-8B-Instruct,fp16,16,2,-20.0,0.0,1.0,,,9.52,v2.3.1
Meta-Llama-3.1-8B-Instruct,fp16,16,2,-15.0,0.0,1.0,,,9.52,v2.3.1
Meta-Llama-3.1-8B-Instruct,fp16,16,2,-12.0,0.0,1.0,,,9.52,v2.3.1
Meta-Llama-3.1-8B-Instruct,fp16,16,2,-10.0,0.0,1.0,,,9.52,v2.3.1
Meta-Llama-3.1-8B-Instruct,fp16,16,2,-8.0,138.0,0.6,,,9.52,v2.3.1
Meta-Llama-3.1-8B-Instruct,fp16,16,2,-6.0,134.0,0.1,,,9.52,v2.3.1
Meta-Llama-3.1-8B-Instruct,fp16,16,2,-4.0,155.5,0.0,,,9.52,v2.3.1
Meta-Llama-3.1-8B-Instruct,fp16,16,2,-2.0,170.0,0.0,,,9.52,v2.3.1
Meta-Llama-3.1-8B-Instruct,fp16,16,2,0.0,199.0,0.0,0.85,0.05,9.52,v2.3.1
Meta-Llama-3.1-8B-Instruct,fp16,16,2,2.0,276.5,0.0,,,9.52,v2.3.1
Meta-Llama-3.1-8B-Instruct,fp16,16,2,4.0,192.0,0.0,,,9.52,v2.3.1
Meta-Llama-3.1-8B-Instruct,fp16,16,2,6.0,224.0,0.0,,,9.52,v2.3.1
Meta-Llama-3.1-8B-Instruct,fp16,16,2,8.0,240.5,0.0,,,9.52,v2.3.1
Meta-Llama-3.1-8B-Instruct,fp16,16,2,10.0,200.5,0.0,0.005,0.97,9.52,v2.3.1
Meta-Llama-3.1-8B-Instruct,fp16,16,2,12.0,287.0,0.6,0.0,0.97,9.52,v2.3.1
Meta-Llama-3.1-8B-Instruct,fp16,16,2,15.0,0.0,1.0,0.0,1.0,9.52,v2.3.1
Meta-Llama-3.1-8B-Instruct,fp16,16,2,20.0,0.0,1.0,0.0,1.0,9.52,v2.3.1
Meta-Llama-3.1-8B-Instruct,fp16,16,2,30.0,0.0,1.0,0.0,1.0,9.52,v2.3.1
Meta-Llama-3.1-8B-Instruct,fp16,16,2,40.0,0.0,1.0,,,9.52,v2.3.1
Meta-Llama-3.1-8B-Instruct,fp16,16,3,-40.0,0.0,1.0,,,9.52,v2.3.1
Meta-Llama-3.1-8B-Instruct,fp16,16,3,-30.0,0.0,1.0,,,9.52,v2.3.1
Meta-Llama-3.1-8B-Instruct,fp16,16,3,-20.0,0.0,1.0,,,9.52,v2.3.1
Meta-Llama-3.1-8B-Instruct,fp16,16,3,-15.0,0.0,1.0,,,9.52,v2.3.1
Meta-Llama-3.1-8B-Instruct,fp16,16,3,-12.0,0.0,1.0,,,9.52,v2.3.1
Meta-Llama-3.1-8B-Instruct,fp16,16,3,-10.0,149.0,0.8,,,9.52,v2.3.1
Meta-Llama-3.1-8B-Instruct,fp16,16,3,-8.0,444.0,0.1,,,9.52,v2.3.1
Meta-Llama-3.1-8B-Instruct,fp16,16,3,-6.0,229.0,0.0,,,9.52,v2.3.1
Meta-Llama-3.1-8B-Instruct,fp16,16,3,-4.0,223.0,0.0,,,9.52,v2.3.1
Meta-Llama-3.1-8B-Instruct,fp16,16,3,-2.0,249.0,0.0,,,9.52,v2.3.1
Meta-Llama-3.1-8B-Instruct,fp16,16,3,0.0,235.0,0.0,0.845,0.06,9.52,v2.3.1
Meta-Llama-3.1-8B-Instruct,fp16,16,3,2.0,227.0,0.0,,,9.52,v2.3.1
Meta-Llama-3.1-8B-Instruct,fp16,16,3,4.0,262.0,0.0,,,9.52,v2.3.1
Meta-Llama-3.1-8B-Instruct,fp16,16,3,6.0,252.0,0.0,0.305,0.655,9.52,v2.3.1
Meta-Llama-3.1-8B-Instruct,fp16,16,3,8.0,192.0,0.0,0.03,0.95,9.52,v2.3.1
Meta-Llama-3.1-8B-Instruct,fp16,16,3,10.0,140.0,0.3,0.01,0.965,9.52,v2.3.1
Meta-Llama-3.1-8B-Instruct,fp16,16,3,12.0,0.0,1.0,0.0,0.98,9.52,v2.3.1
Meta-Llama-3.1-8B-Instruct,fp16,16,3,15.0,0.0,1.0,0.0,1.0,9.52,v2.3.1
Meta-Llama-3.1-8B-Instruct,fp16,16,3,20.0,0.0,1.0,,,9.52,v2.3.1
Meta-Llama-3.1-8B-Instruct,fp16,16,3,30.0,0.0,1.0,,,9.52,v2.3.1
Meta-Llama-3.1-8B-Instruct,fp16,16,3,40.0,0.0,1.0,,,9.52,v2.3.1
Meta-Llama-3.1-8B-Instruct,fp16,16,4,-40.0,0.0,1.0,,,9.52,v2.3.1
Meta-Llama-3.1-8B-Instruct,fp16,16,4,-30.0,0.0,1.0,,,9.52,v2.3.1
Meta-Llama-3.1-8B-Instruct,fp16,16,4,-20.0,0.0,1.0,,,9.52,v2.3.1
Meta-Llama-3.1-8B-Instruct,fp16,16,4,-15.0,0.0,1.0,,,9.52,v2.3.1
Meta-Llama-3.1-8B-Instruct,fp16,16,4,-12.0,0.0,1.0,,,9.52,v2.3.1
Meta-Llama-3.1-8B-Instruct,fp16,16,4,-10.0,140.0,0.6,,,9.52,v2.3.1
Meta-Llama-3.1-8B-Instruct,fp16,16,4,-8.0,138.0,0.4,,,9.52,v2.3.1
Meta-Llama-3.1-8B-Instruct,fp16,16,4,-6.0,126.0,0.0,,,9.52,v2.3.1
Meta-Llama-3.1-8B-Instruct,fp16,16,4,-4.0,126.0,0.0,,,9.52,v2.3.1
Meta-Llama-3.1-8B-Instruct,fp16,16,4,-2.0,163.0,0.0,,,9.52,v2.3.1
Meta-Llama-3.1-8B-Instruct,fp16,16,4,0.0,163.0,0.0,0.915,0.05,9.52,v2.3.1
Meta-Llama-3.1-8B-Instruct,fp16,16,4,2.0,166.0,0.0,,,9.52,v2.3.1
Meta-Llama-3.1-8B-Instruct,fp16,16,4,4.0,166.0,0.0,0.7,0.24,9.52,v2.3.1
Meta-Llama-3.1-8B-Instruct,fp16,16,4,6.0,164.0,0.0,0.525,0.45,9.52,v2.3.1
Meta-Llama-3.1-8B-Instruct,fp16,16,4,8.0,219.5,0.4,0.175,0.79,9.52,v2.3.1
Meta-Llama-3.1-8B-Instruct,fp16,16,4,10.0,390.0,0.0,0.025,0.97,9.52,v2.3.1
Meta-Llama-3.1-8B-Instruct,fp16,16,4,12.0,116.0,0.7,0.0,0.98,9.52,v2.3.1
Meta-Llama-3.1-8B-Instruct,fp16,16,4,15.0,35.0,0.8,,,9.52,v2.3.1
Meta-Llama-3.1-8B-Instruct,fp16,16,4,20.0,0.0,1.0,,,9.52,v2.3.1
Meta-Llama-3.1-8B-Instruct,fp16,16,4,30.0,0.0,1.0,,,9.52,v2.3.1
Meta-Llama-3.1-8B-Instruct,fp16,16,4,40.0,0.0,1.0,,,9.52,v2.3.1
Meta-Llama-3.1-8B-Instruct,fp16,16,5,-40.0,0.0,1.0,,,9.52,v2.3.1
Meta-Llama-3.1-8B-Instruct,fp16,16,5,-30.0,0.0,1.0,,,9.52,v2.3.1
Meta-Llama-3.1-8B-Instruct,fp16,16,5,-20.0,0.0,1.0,,,9.52,v2.3.1
Meta-Llama-3.1-8B-Instruct,fp16,16,5,-15.0,0.0,1.0,,,9.52,v2.3.1
Meta-Llama-3.1-8B-Instruct,fp16,16,5,-12.0,0.0,1.0,,,9.52,v2.3.1
Meta-Llama-3.1-8B-Instruct,fp16,16,5,-10.0,102.0,0.9,,,9.52,v2.3.1
Meta-Llama-3.1-8B-Instruct,fp16,16,5,-8.0,121.0,0.2,,,9.52,v2.3.1
Meta-Llama-3.1-8B-Instruct,fp16,16,5,-6.0,111.5,0.0,,,9.52,v2.3.1
Meta-Llama-3.1-8B-Instruct,fp16,16,5,-4.0,101.0,0.0,,,9.52,v2.3.1
Meta-Llama-3.1-8B-Instruct,fp16,16,5,-2.0,97.0,0.0,,,9.52,v2.3.1
Meta-Llama-3.1-8B-Instruct,fp16,16,5,0.0,114.5,0.0,0.83,0.05,9.52,v2.3.1
Meta-Llama-3.1-8B-Instruct,fp16,16,5,2.0,119.0,0.0,,,9.52,v2.3.1
Meta-Llama-3.1-8B-Instruct,fp16,16,5,4.0,122.5,0.0,,,9.52,v2.3.1
Meta-Llama-3.1-8B-Instruct,fp16,16,5,6.0,122.5,0.0,0.385,0.57,9.52,v2.3.1
Meta-Llama-3.1-8B-Instruct,fp16,16,5,8.0,102.5,0.0,0.04,0.945,9.52,v2.3.1
Meta-Llama-3.1-8B-Instruct,fp16,16,5,10.0,86.0,0.3,0.005,0.93,9.52,v2.3.1
Meta-Llama-3.1-8B-Instruct,fp16,16,5,12.0,66.0,0.9,0.0,0.995,9.52,v2.3.1
Meta-Llama-3.1-8B-Instruct,fp16,16,5,15.0,0.0,1.0,0.0,1.0,9.52,v2.3.1
Meta-Llama-3.1-8B-Instruct,fp16,16,5,20.0,0.0,1.0,0.0,1.0,9.52,v2.3.1
Meta-Llama-3.1-8B-Instruct,fp16,16,5,30.0,0.0,1.0,,,9.52,v2.3.1
Meta-Llama-3.1-8B-Instruct,fp16,16,5,40.0,0.0,1.0,,,9.52,v2.3.1
Meta-Llama-3.1-8B-Instruct,nf4,16,1,-40.0,0.0,1.0,,,9.24,v2.3.1
Meta-Llama-3.1-8B-Instruct,nf4,16,1,-30.0,0.0,1.0,,,9.24,v2.3.1
Meta-Llama-3.1-8B-Instruct,nf4,16,1,-20.0,0.0,1.0,,,9.24,v2.3.1
Meta-Llama-3.1-8B-Instruct,nf4,16,1,-15.0,0.0,1.0,,,9.24,v2.3.1
Meta-Llama-3.1-8B-Instruct,nf4,16,1,-12.0,0.0,1.0,,,9.24,v2.3.1
Meta-Llama-3.1-8B-Instruct,nf4,16,1,-10.0,0.0,1.0,,,9.24,v2.3.1
Meta-Llama-3.1-8B-Instruct,nf4,16,1,-8.0,176.0,0.0,,,9.24,v2.3.1
Meta-Llama-3.1-8B-Instruct,nf4,16,1,-6.0,110.5,0.0,,,9.24,v2.3.1
Meta-Llama-3.1-8B-Instruct,nf4,16,1,-4.0,147.0,0.0,,,9.24,v2.3.1
Meta-Llama-3.1-8B-Instruct,nf4,16,1,-2.0,142.5,0.0,,,9.24,v2.3.1
Meta-Llama-3.1-8B-Instruct,nf4,16,1,0.0,189.0,0.0,0.855,0.06,9.24,v2.3.1
Meta-Llama-3.1-8B-Instruct,nf4,16,1,2.0,134.5,0.0,,,9.24,v2.3.1
Meta-Llama-3.1-8B-Instruct,nf4,16,1,4.0,201.5,0.0,0.545,0.37,9.24,v2.3.1
Meta-Llama-3.1-8B-Instruct,nf4,16,1,6.0,133.0,0.0,0.385,0.535,9.24,v2.3.1
Meta-Llama-3.1-8B-Instruct,nf4,16,1,8.0,124.0,0.0,0.135,0.77,9.24,v2.3.1
Meta-Llama-3.1-8B-Instruct,nf4,16,1,10.0,232.5,0.6,0.035,0.875,9.24,v2.3.1
Meta-Llama-3.1-8B-Instruct,nf4,16,1,12.0,0.0,1.0,0.0,1.0,9.24,v2.3.1
Meta-Llama-3.1-8B-Instruct,nf4,16,1,15.0,0.0,1.0,0.0,1.0,9.24,v2.3.1
Meta-Llama-3.1-8B-Instruct,nf4,16,1,20.0,0.0,1.0,0.0,1.0,9.24,v2.3.1
Meta-Llama-3.1-8B-Instruct,nf4,16,1,30.0,0.0,1.0,,,9.24,v2.3.1
Meta-Llama-3.1-8B-Instruct,nf4,16,1,40.0,0.0,1.0,,,9.24,v2.3.1
Meta-Llama-3.1-8B-Instruct,nf4,16,2,-40.0,0.0,1.0,,,9.24,v2.3.1
Meta-Llama-3.1-8B-Instruct,nf4,16,2,-30.0,0.0,1.0,,,9.24,v2.3.1
Meta-Llama-3.1-8B-Instruct,nf4,16,2,-20.0,0.0,1.0,,,9.24,v2.3.1
Meta-Llama-3.1-8B-Instruct,nf4,16,2,-15.0,0.0,1.0,,,9.24,v2.3.1
Meta-Llama-3.1-8B-Instruct,nf4,16,2,-12.0,0.0,1.0,,,9.24,v2.3.1
Meta-Llama-3.1-8B-Instruct,nf4,16,2,-10.0,0.0,1.0,,,9.24,v2.3.1
Meta-Llama-3.1-8B-Instruct,nf4,16,2,-8.0,112.0,0.6,,,9.24,v2.3.1
Meta-Llama-3.1-8B-Instruct,nf4,16,2,-6.0,128.0,0.1,,,9.24,v2.3.1
Meta-Llama-3.1-8B-Instruct,nf4,16,2,-4.0,143.0,0.0,,,9.24,v2.3.1
Meta-Llama-3.1-8B-Instruct,nf4,16,2,-2.0,163.0,0.0,,,9.24,v2.3.1
Meta-Llama-3.1-8B-Instruct,nf4,16,2,0.0,227.0,0.0,0.88,0.085,9.24,v2.3.1
Meta-Llama-3.1-8B-Instruct,nf4,16,2,2.0,149.0,0.0,,,9.24,v2.3.1
Meta-Llama-3.1-8B-Instruct,nf4,16,2,4.0,232.0,0.0,,,9.24,v2.3.1
Meta-Llama-3.1-8B-Instruct,nf4,16,2,6.0,281.0,0.0,,,9.24,v2.3.1
Meta-Llama-3.1-8B-Instruct,nf4,16,2,8.0,197.0,0.0,,,9.24,v2.3.1
Meta-Llama-3.1-8B-Instruct,nf4,16,2,10.0,203.0,0.0,0.015,0.975,9.24,v2.3.1
Meta-Llama-3.1-8B-Instruct,nf4,16,2,12.0,299.0,0.5,0.0,1.0,9.24,v2.3.1
Meta-Llama-3.1-8B-Instruct,nf4,16,2,15.0,0.0,1.0,0.0,1.0,9.24,v2.3.1
Meta-Llama-3.1-8B-Instruct,nf4,16,2,20.0,0.0,1.0,0.0,1.0,9.24,v2.3.1
Meta-Llama-3.1-8B-Instruct,nf4,16,2,30.0,0.0,1.0,0.0,1.0,9.24,v2.3.1
Meta-Llama-3.1-8B-Instruct,nf4,16,2,40.0,0.0,1.0,,,9.24,v2.3.1
Meta-Llama-3.1-8B-Instruct,nf4,16,3,-40.0,0.0,1.0,,,9.24,v2.3.1
Meta-Llama-3.1-8B-Instruct,nf4,16,3,-30.0,0.0,1.0,,,9.24,v2.3.1
Meta-Llama-3.1-8B-Instruct,nf4,16,3,-20.0,0.0,1.0,,,9.24,v2.3.1
Meta-Llama-3.1-8B-Instruct,nf4,16,3,-15.0,0.0,1.0,,,9.24,v2.3.1
Meta-Llama-3.1-8B-Instruct,nf4,16,3,-12.0,0.0,1.0,,,9.24,v2.3.1
Meta-Llama-3.1-8B-Instruct,nf4,16,3,-10.0,80.0,0.9,,,9.24,v2.3.1
Meta-Llama-3.1-8B-Instruct,nf4,16,3,-8.0,228.0,0.4,,,9.24,v2.3.1
Meta-Llama-3.1-8B-Instruct,nf4,16,3,-6.0,400.0,0.0,,,9.24,v2.3.1
Meta-Llama-3.1-8B-Instruct,nf4,16,3,-4.0,300.0,0.0,,,9.24,v2.3.1
Meta-Llama-3.1-8B-Instruct,nf4,16,3,-2.0,278.0,0.0,,,9.24,v2.3.1
Meta-Llama-3.1-8B-Instruct,nf4,16,3,0.0,307.0,0.0,0.82,0.075,9.24,v2.3.1
Meta-Llama-3.1-8B-Instruct,nf4,16,3,2.0,203.0,0.0,0.74,0.15,9.24,v2.3.1
Meta-Llama-3.1-8B-Instruct,nf4,16,3,4.0,128.0,0.1,0.68,0.25,9.24,v2.3.1
Meta-Llama-3.1-8B-Instruct,nf4,16,3,6.0,208.0,0.0,0.345,0.585,9.24,v2.3.1
Meta-Llama-3.1-8B-Instruct,nf4,16,3,8.0,192.0,0.0,0.025,0.945,9.24,v2.3.1
Meta-Llama-3.1-8B-Instruct,nf4,16,3,10.0,72.5,0.8,0.005,0.985,9.24,v2.3.1
Meta-Llama-3.1-8B-Instruct,nf4,16,3,12.0,155.0,0.9,0.0,0.98,9.24,v2.3.1
Meta-Llama-3.1-8B-Instruct,nf4,16,3,15.0,0.0,1.0,0.0,1.0,9.24,v2.3.1
Meta-Llama-3.1-8B-Instruct,nf4,16,3,20.0,0.0,1.0,,,9.24,v2.3.1
Meta-Llama-3.1-8B-Instruct,nf4,16,3,30.0,0.0,1.0,,,9.24,v2.3.1
Meta-Llama-3.1-8B-Instruct,nf4,16,3,40.0,0.0,1.0,,,9.24,v2.3.1
Meta-Llama-3.1-8B-Instruct,nf4,16,4,-40.0,0.0,1.0,,,9.24,v2.3.1
Meta-Llama-3.1-8B-Instruct,nf4,16,4,-30.0,0.0,1.0,,,9.24,v2.3.1
Meta-Llama-3.1-8B-Instruct,nf4,16,4,-20.0,0.0,1.0,,,9.24,v2.3.1
Meta-Llama-3.1-8B-Instruct,nf4,16,4,-15.0,0.0,1.0,,,9.24,v2.3.1
Meta-Llama-3.1-8B-Instruct,nf4,16,4,-12.0,0.0,1.0,,,9.24,v2.3.1
Meta-Llama-3.1-8B-Instruct,nf4,16,4,-10.0,0.0,1.0,,,9.24,v2.3.1
Meta-Llama-3.1-8B-Instruct,nf4,16,4,-8.0,0.0,1.0,,,9.24,v2.3.1
Meta-Llama-3.1-8B-Instruct,nf4,16,4,-6.0,136.0,0.1,,,9.24,v2.3.1
Meta-Llama-3.1-8B-Instruct,nf4,16,4,-4.0,136.0,0.0,,,9.24,v2.3.1
Meta-Llama-3.1-8B-Instruct,nf4,16,4,-2.0,162.0,0.0,,,9.24,v2.3.1
Meta-Llama-3.1-8B-Instruct,nf4,16,4,0.0,113.0,0.0,0.855,0.07,9.24,v2.3.1
Meta-Llama-3.1-8B-Instruct,nf4,16,4,2.0,101.0,0.0,0.815,0.14,9.24,v2.3.1
Meta-Llama-3.1-8B-Instruct,nf4,16,4,4.0,159.0,0.0,0.64,0.28,9.24,v2.3.1
Meta-Llama-3.1-8B-Instruct,nf4,16,4,6.0,181.0,0.0,0.43,0.515,9.24,v2.3.1
Meta-Llama-3.1-8B-Instruct,nf4,16,4,8.0,159.0,0.0,0.19,0.77,9.24,v2.3.1
Meta-Llama-3.1-8B-Instruct,nf4,16,4,10.0,178.0,0.5,0.02,0.955,9.24,v2.3.1
Meta-Llama-3.1-8B-Instruct,nf4,16,4,12.0,118.0,0.5,0.0,0.975,9.24,v2.3.1
Meta-Llama-3.1-8B-Instruct,nf4,16,4,15.0,0.0,1.0,0.0,0.995,9.24,v2.3.1
Meta-Llama-3.1-8B-Instruct,nf4,16,4,20.0,0.0,1.0,0.0,1.0,9.24,v2.3.1
Meta-Llama-3.1-8B-Instruct,nf4,16,4,30.0,0.0,1.0,0.0,1.0,9.24,v2.3.1
Meta-Llama-3.1-8B-Instruct,nf4,16,4,40.0,0.0,1.0,0.0,1.0,9.24,v2.3.1
Meta-Llama-3.1-8B-Instruct,nf4,16,5,-40.0,0.0,1.0,,,9.24,v2.3.1
Meta-Llama-3.1-8B-Instruct,nf4,16,5,-30.0,0.0,1.0,,,9.24,v2.3.1
Meta-Llama-3.1-8B-Instruct,nf4,16,5,-20.0,0.0,1.0,,,9.24,v2.3.1
Meta-Llama-3.1-8B-Instruct,nf4,16,5,-15.0,0.0,1.0,,,9.24,v2.3.1
Meta-Llama-3.1-8B-Instruct,nf4,16,5,-12.0,0.0,1.0,,,9.24,v2.3.1
Meta-Llama-3.1-8B-Instruct,nf4,16,5,-10.0,69.0,0.8,,,9.24,v2.3.1
Meta-Llama-3.1-8B-Instruct,nf4,16,5,-8.0,86.0,0.8,,,9.24,v2.3.1
Meta-Llama-3.1-8B-Instruct,nf4,16,5,-6.0,98.5,0.0,,,9.24,v2.3.1
Meta-Llama-3.1-8B-Instruct,nf4,16,5,-4.0,102.5,0.0,,,9.24,v2.3.1
Meta-Llama-3.1-8B-Instruct,nf4,16,5,-2.0,104.0,0.0,,,9.24,v2.3.1
Meta-Llama-3.1-8B-Instruct,nf4,16,5,0.0,108.5,0.0,0.8,0.065,9.24,v2.3.1
Meta-Llama-3.1-8B-Instruct,nf4,16,5,2.0,110.0,0.0,,,9.24,v2.3.1
Meta-Llama-3.1-8B-Instruct,nf4,16,5,4.0,99.0,0.0,,,9.24,v2.3.1
Meta-Llama-3.1-8B-Instruct,nf4,16,5,6.0,110.5,0.0,0.34,0.605,9.24,v2.3.1
Meta-Llama-3.1-8B-Instruct,nf4,16,5,8.0,133.5,0.0,0.055,0.935,9.24,v2.3.1
Meta-Llama-3.1-8B-Instruct,nf4,16,5,10.0,86.5,0.6,0.005,0.955,9.24,v2.3.1
Meta-Llama-3.1-8B-Instruct,nf4,16,5,12.0,33.0,0.5,0.0,0.99,9.24,v2.3.1
Meta-Llama-3.1-8B-Instruct,nf4,16,5,15.0,0.0,1.0,0.0,1.0,9.24,v2.3.1
Meta-Llama-3.1-8B-Instruct,nf4,16,5,20.0,0.0,1.0,0.0,1.0,9.24,v2.3.1
Meta-Llama-3.1-8B-Instruct,nf4,16,5,30.0,0.0,1.0,,,9.24,v2.3.1
Meta-Llama-3.1-8B-Instruct,nf4,16,5,40.0,0.0,1.0,,,9.24,v2.3.1
Meta-Llama-3.1-8B-Instruct,int8,16,1,-40.0,0.0,1.0,,,9.38,v2.3.1
Meta-Llama-3.1-8B-Instruct,int8,16,1,-30.0,0.0,1.0,,,9.38,v2.3.1
Meta-Llama-3.1-8B-Instruct,int8,16,1,-20.0,0.0,1.0,,,9.38,v2.3.1
Meta-Llama-3.1-8B-Instruct,int8,16,1,-15.0,0.0,1.0,,,9.38,v2.3.1
Meta-Llama-3.1-8B-Instruct,int8,16,1,-12.0,0.0,1.0,,,9.38,v2.3.1
Meta-Llama-3.1-8B-Instruct,int8,16,1,-10.0,191.0,0.8,,,9.38,v2.3.1
Meta-Llama-3.1-8B-Instruct,int8,16,1,-8.0,144.0,0.0,,,9.38,v2.3.1
Meta-Llama-3.1-8B-Instruct,int8,16,1,-6.0,134.5,0.0,,,9.38,v2.3.1
Meta-Llama-3.1-8B-Instruct,int8,16,1,-4.0,163.0,0.0,,,9.38,v2.3.1
Meta-Llama-3.1-8B-Instruct,int8,16,1,-2.0,165.0,0.0,,,9.38,v2.3.1
Meta-Llama-3.1-8B-Instruct,int8,16,1,0.0,142.0,0.0,0.87,0.04,9.38,v2.3.1
Meta-Llama-3.1-8B-Instruct,int8,16,1,2.0,163.0,0.0,,,9.38,v2.3.1
Meta-Llama-3.1-8B-Instruct,int8,16,1,4.0,146.0,0.0,,,9.38,v2.3.1
Meta-Llama-3.1-8B-Instruct,int8,16,1,6.0,143.5,0.0,0.475,0.435,9.38,v2.3.1
Meta-Llama-3.1-8B-Instruct,int8,16,1,8.0,166.0,0.0,0.24,0.605,9.38,v2.3.1
Meta-Llama-3.1-8B-Instruct,int8,16,1,10.0,107.0,0.1,0.08,0.775,9.38,v2.3.1
Meta-Llama-3.1-8B-Instruct,int8,16,1,12.0,117.0,0.9,0.0,0.975,9.38,v2.3.1
Meta-Llama-3.1-8B-Instruct,int8,16,1,15.0,0.0,1.0,0.0,1.0,9.38,v2.3.1
Meta-Llama-3.1-8B-Instruct,int8,16,1,20.0,0.0,1.0,0.0,1.0,9.38,v2.3.1
Meta-Llama-3.1-8B-Instruct,int8,16,1,30.0,0.0,1.0,,,9.38,v2.3.1
Meta-Llama-3.1-8B-Instruct,int8,16,1,40.0,0.0,1.0,,,9.38,v2.3.1
Meta-Llama-3.1-8B-Instruct,int8,16,2,-40.0,0.0,1.0,,,9.38,v2.3.1
Meta-Llama-3.1-8B-Instruct,int8,16,2,-30.0,0.0,1.0,,,9.38,v2.3.1
Meta-Llama-3.1-8B-Instruct,int8,16,2,-20.0,0.0,1.0,,,9.38,v2.3.1
Meta-Llama-3.1-8B-Instruct,int8,16,2,-15.0,0.0,1.0,,,9.38,v2.3.1
Meta-Llama-3.1-8B-Instruct,int8,16,2,-12.0,0.0,1.0,,,9.38,v2.3.1
Meta-Llama-3.1-8B-Instruct,int8,16,2,-10.0,0.0,1.0,,,9.38,v2.3.1
Meta-Llama-3.1-8B-Instruct,int8,16,2,-8.0,138.0,0.6,,,9.38,v2.3.1
Meta-Llama-3.1-8B-Instruct,int8,16,2,-6.0,211.0,0.1,,,9.38,v2.3.1
Meta-Llama-3.1-8B-Instruct,int8,16,2,-4.0,178.5,0.0,,,9.38,v2.3.1
Meta-Llama-3.1-8B-Instruct,int8,16,2,-2.0,163.0,0.0,,,9.38,v2.3.1
Meta-Llama-3.1-8B-Instruct,int8,16,2,0.0,163.0,0.0,0.865,0.06,9.38,v2.3.1
Meta-Llama-3.1-8B-Instruct,int8,16,2,2.0,234.0,0.0,,,9.38,v2.3.1
Meta-Llama-3.1-8B-Instruct,int8,16,2,4.0,176.0,0.0,,,9.38,v2.3.1
Meta-Llama-3.1-8B-Instruct,int8,16,2,6.0,188.5,0.0,,,9.38,v2.3.1
Meta-Llama-3.1-8B-Instruct,int8,16,2,8.0,298.5,0.0,0.06,0.9,9.38,v2.3.1
Meta-Llama-3.1-8B-Instruct,int8,16,2,10.0,273.0,0.0,0.0,0.97,9.38,v2.3.1
Meta-Llama-3.1-8B-Instruct,int8,16,2,12.0,91.0,0.1,0.0,0.99,9.38,v2.3.1
Meta-Llama-3.1-8B-Instruct,int8,16,2,15.0,0.0,1.0,0.0,1.0,9.38,v2.3.1
Meta-Llama-3.1-8B-Instruct,int8,16,2,20.0,0.0,1.0,0.0,1.0,9.38,v2.3.1
Meta-Llama-3.1-8B-Instruct,int8,16,2,30.0,0.0,1.0,,,9.38,v2.3.1
Meta-Llama-3.1-8B-Instruct,int8,16,2,40.0,0.0,1.0,,,9.38,v2.3.1
Meta-Llama-3.1-8B-Instruct,int8,16,3,-40.0,0.0,1.0,,,9.38,v2.3.1
Meta-Llama-3.1-8B-Instruct,int8,16,3,-30.0,0.0,1.0,,,9.38,v2.3.1
Meta-Llama-3.1-8B-Instruct,int8,16,3,-20.0,0.0,1.0,,,9.38,v2.3.1
Meta-Llama-3.1-8B-Instruct,int8,16,3,-15.0,0.0,1.0,,,9.38,v2.3.1
Meta-Llama-3.1-8B-Instruct,int8,16,3,-12.0,61.0,0.9,,,9.38,v2.3.1
Meta-Llama-3.1-8B-Instruct,int8,16,3,-10.0,179.5,0.8,,,9.38,v2.3.1
Meta-Llama-3.1-8B-Instruct,int8,16,3,-8.0,176.0,0.0,,,9.38,v2.3.1
Meta-Llama-3.1-8B-Instruct,int8,16,3,-6.0,177.0,0.0,,,9.38,v2.3.1
Meta-Llama-3.1-8B-Instruct,int8,16,3,-4.0,226.0,0.0,,,9.38,v2.3.1
Meta-Llama-3.1-8B-Instruct,int8,16,3,-2.0,136.0,0.0,,,9.38,v2.3.1
Meta-Llama-3.1-8B-Instruct,int8,16,3,0.0,119.5,0.0,0.86,0.065,9.38,v2.3.1
Meta-Llama-3.1-8B-Instruct,int8,16,3,2.0,351.0,0.0,0.82,0.085,9.38,v2.3.1
Meta-Llama-3.1-8B-Instruct,int8,16,3,4.0,223.0,0.0,0.725,0.2,9.38,v2.3.1
Meta-Llama-3.1-8B-Instruct,int8,16,3,6.0,155.0,0.0,0.44,0.505,9.38,v2.3.1
Meta-Llama-3.1-8B-Instruct,int8,16,3,8.0,192.0,0.0,0.095,0.855,9.38,v2.3.1
Meta-Llama-3.1-8B-Instruct,int8,16,3,10.0,70.0,0.7,0.005,0.92,9.38,v2.3.1
Meta-Llama-3.1-8B-Instruct,int8,16,3,12.0,0.0,1.0,0.0,0.995,9.38,v2.3.1
Meta-Llama-3.1-8B-Instruct,int8,16,3,15.0,0.0,1.0,0.0,1.0,9.38,v2.3.1
Meta-Llama-3.1-8B-Instruct,int8,16,3,20.0,0.0,1.0,,,9.38,v2.3.1
Meta-Llama-3.1-8B-Instruct,int8,16,3,30.0,0.0,1.0,,,9.38,v2.3.1
Meta-Llama-3.1-8B-Instruct,int8,16,3,40.0,0.0,1.0,,,9.38,v2.3.1
Meta-Llama-3.1-8B-Instruct,int8,16,4,-40.0,0.0,1.0,,,9.38,v2.3.1
Meta-Llama-3.1-8B-Instruct,int8,16,4,-30.0,0.0,1.0,,,9.38,v2.3.1
Meta-Llama-3.1-8B-Instruct,int8,16,4,-20.0,0.0,1.0,,,9.38,v2.3.1
Meta-Llama-3.1-8B-Instruct,int8,16,4,-15.0,0.0,1.0,,,9.38,v2.3.1
Meta-Llama-3.1-8B-Instruct,int8,16,4,-12.0,0.0,1.0,,,9.38,v2.3.1
Meta-Llama-3.1-8B-Instruct,int8,16,4,-10.0,0.0,1.0,,,9.38,v2.3.1
Meta-Llama-3.1-8B-Instruct,int8,16,4,-8.0,106.0,0.6,,,9.38,v2.3.1
Meta-Llama-3.1-8B-Instruct,int8,16,4,-6.0,123.0,0.0,,,9.38,v2.3.1
Meta-Llama-3.1-8B-Instruct,int8,16,4,-4.0,126.0,0.0,,,9.38,v2.3.1
Meta-Llama-3.1-8B-Instruct,int8,16,4,-2.0,147.5,0.0,,,9.38,v2.3.1
Meta-Llama-3.1-8B-Instruct,int8,16,4,0.0,152.5,0.0,0.925,0.035,9.38,v2.3.1
Meta-Llama-3.1-8B-Instruct,int8,16,4,2.0,161.5,0.0,,,9.38,v2.3.1
Meta-Llama-3.1-8B-Instruct,int8,16,4,4.0,166.0,0.0,,,9.38,v2.3.1
Meta-Llama-3.1-8B-Instruct,int8,16,4,6.0,227.0,0.0,0.445,0.48,9.38,v2.3.1
Meta-Llama-3.1-8B-Instruct,int8,16,4,8.0,95.0,0.0,0.095,0.85,9.38,v2.3.1
Meta-Llama-3.1-8B-Instruct,int8,16,4,10.0,227.0,0.3,0.015,0.96,9.38,v2.3.1
Meta-Llama-3.1-8B-Instruct,int8,16,4,12.0,319.0,0.9,0.0,0.985,9.38,v2.3.1
Meta-Llama-3.1-8B-Instruct,int8,16,4,15.0,0.0,1.0,0.0,0.99,9.38,v2.3.1
Meta-Llama-3.1-8B-Instruct,int8,16,4,20.0,0.0,1.0,0.0,1.0,9.38,v2.3.1
Meta-Llama-3.1-8B-Instruct,int8,16,4,30.0,0.0,1.0,,,9.38,v2.3.1
Meta-Llama-3.1-8B-Instruct,int8,16,4,40.0,0.0,1.0,,,9.38,v2.3.1
Meta-Llama-3.1-8B-Instruct,int8,16,5,-40.0,0.0,1.0,,,9.38,v2.3.1
Meta-Llama-3.1-8B-Instruct,int8,16,5,-30.0,0.0,1.0,,,9.38,v2.3.1
Meta-Llama-3.1-8B-Instruct,int8,16,5,-20.0,0.0,1.0,,,9.38,v2.3.1
Meta-Llama-3.1-8B-Instruct,int8,16,5,-15.0,0.0,1.0,,,9.38,v2.3.1
Meta-Llama-3.1-8B-Instruct,int8,16,5,-12.0,0.0,1.0,,,9.38,v2.3.1
Meta-Llama-3.1-8B-Instruct,int8,16,5,-10.0,251.0,0.7,,,9.38,v2.3.1
Meta-Llama-3.1-8B-Instruct,int8,16,5,-8.0,118.0,0.2,,,9.38,v2.3.1
Meta-Llama-3.1-8B-Instruct,int8,16,5,-6.0,113.0,0.0,,,9.38,v2.3.1
Meta-Llama-3.1-8B-Instruct,int8,16,5,-4.0,103.0,0.0,,,9.38,v2.3.1
Meta-Llama-3.1-8B-Instruct,int8,16,5,-2.0,110.5,0.0,,,9.38,v2.3.1
Meta-Llama-3.1-8B-Instruct,int8,16,5,0.0,123.5,0.0,0.85,0.07,9.38,v2.3.1
Meta-Llama-3.1-8B-Instruct,int8,16,5,2.0,121.0,0.0,,,9.38,v2.3.1
Meta-Llama-3.1-8B-Instruct,int8,16,5,4.0,123.5,0.0,,,9.38,v2.3.1
Meta-Llama-3.1-8B-Instruct,int8,16,5,6.0,126.5,0.0,0.445,0.48,9.38,v2.3.1
Meta-Llama-3.1-8B-Instruct,int8,16,5,8.0,116.0,0.0,0.1,0.85,9.38,v2.3.1
Meta-Llama-3.1-8B-Instruct,int8,16,5,10.0,61.5,0.4,0.01,0.88,9.38,v2.3.1
Meta-Llama-3.1-8B-Instruct,int8,16,5,12.0,0.0,1.0,0.0,1.0,9.38,v2.3.1
Meta-Llama-3.1-8B-Instruct,int8,16,5,15.0,0.0,1.0,0.0,1.0,9.38,v2.3.1
Meta-Llama-3.1-8B-Instruct,int8,16,5,20.0,0.0,1.0,,,9.38,v2.3.1
Meta-Llama-3.1-8B-Instruct,int8,16,5,30.0,0.0,1.0,,,9.38,v2.3.1
Meta-Llama-3.1-8B-Instruct,int8,16,5,40.0,0.0,1.0,,,9.38,v2.3.1
Mistral-7B-Instruct-v0.3,fp16,16,1,-30.0,0.0,1.0,,,10.24,v2.3
Mistral-7B-Instruct-v0.3,fp16,16,1,-20.0,0.0,1.0,,,10.24,v2.3
Mistral-7B-Instruct-v0.3,fp16,16,1,-15.0,0.0,1.0,,,10.24,v2.3
Mistral-7B-Instruct-v0.3,fp16,16,1,-10.0,0.0,1.0,,,10.24,v2.3
Mistral-7B-Instruct-v0.3,fp16,16,1,-7.0,0.0,1.0,,,10.24,v2.3
Mistral-7B-Instruct-v0.3,fp16,16,1,-5.0,92.0,0.2,,,10.24,v2.3
Mistral-7B-Instruct-v0.3,fp16,16,1,-4.0,79.5,0.0,,,10.24,v2.3
Mistral-7B-Instruct-v0.3,fp16,16,1,-3.0,98.0,0.0,,,10.24,v2.3
Mistral-7B-Instruct-v0.3,fp16,16,1,-2.0,92.5,0.0,,,10.24,v2.3
Mistral-7B-Instruct-v0.3,fp16,16,1,-1.0,108.0,0.0,,,10.24,v2.3
Mistral-7B-Instruct-v0.3,fp16,16,1,0.0,109.5,0.0,0.56,0.12,10.24,v2.3
Mistral-7B-Instruct-v0.3,fp16,16,1,1.0,124.0,0.0,0.505,0.195,10.24,v2.3
Mistral-7B-Instruct-v0.3,fp16,16,1,2.0,124.5,0.0,0.4,0.265,10.24,v2.3
Mistral-7B-Instruct-v0.3,fp16,16,1,3.0,182.5,0.0,0.335,0.29,10.24,v2.3
Mistral-7B-Instruct-v0.3,fp16,16,1,4.0,182.0,0.0,0.195,0.41,10.24,v2.3
Mistral-7B-Instruct-v0.3,fp16,16,1,5.0,262.0,0.4,0.07,0.875,10.24,v2.3
Mistral-7B-Instruct-v0.3,fp16,16,1,7.0,0.0,1.0,0.0,1.0,10.24,v2.3
Mistral-7B-Instruct-v0.3,fp16,16,1,10.0,0.0,1.0,,,10.24,v2.3
Mistral-7B-Instruct-v0.3,fp16,16,1,15.0,0.0,1.0,,,10.24,v2.3
Mistral-7B-Instruct-v0.3,fp16,16,1,20.0,0.0,1.0,,,10.24,v2.3
Mistral-7B-Instruct-v0.3,fp16,16,1,30.0,0.0,1.0,,,10.24,v2.3
Mistral-7B-Instruct-v0.3,fp16,16,2,-30.0,0.0,1.0,,,10.24,v2.3
Mistral-7B-Instruct-v0.3,fp16,16,2,-20.0,0.0,1.0,,,10.24,v2.3
Mistral-7B-Instruct-v0.3,fp16,16,2,-15.0,0.0,1.0,,,10.24,v2.3
Mistral-7B-Instruct-v0.3,fp16,16,2,-10.0,0.0,1.0,,,10.24,v2.3
Mistral-7B-Instruct-v0.3,fp16,16,2,-7.0,0.0,1.0,,,10.24,v2.3
Mistral-7B-Instruct-v0.3,fp16,16,2,-5.0,161.0,0.4,,,10.24,v2.3
Mistral-7B-Instruct-v0.3,fp16,16,2,-4.0,99.0,0.0,,,10.24,v2.3
Mistral-7B-Instruct-v0.3,fp16,16,2,-3.0,102.0,0.0,,,10.24,v2.3
Mistral-7B-Instruct-v0.3,fp16,16,2,-2.0,86.5,0.0,,,10.24,v2.3
Mistral-7B-Instruct-v0.3,fp16,16,2,-1.0,98.5,0.0,,,10.24,v2.3
Mistral-7B-Instruct-v0.3,fp16,16,2,0.0,127.0,0.0,0.555,0.14,10.24,v2.3
Mistral-7B-Instruct-v0.3,fp16,16,2,1.0,204.5,0.0,0.485,0.265,10.24,v2.3
Mistral-7B-Instruct-v0.3,fp16,16,2,2.0,300.0,0.0,0.305,0.355,10.24,v2.3
Mistral-7B-Instruct-v0.3,fp16,16,2,3.0,301.0,0.0,0.32,0.405,10.24,v2.3
Mistral-7B-Instruct-v0.3,fp16,16,2,4.0,380.5,0.0,0.1,0.675,10.24,v2.3
Mistral-7B-Instruct-v0.3,fp16,16,2,5.0,295.0,0.1,,,10.24,v2.3
Mistral-7B-Instruct-v0.3,fp16,16,2,7.0,0.0,1.0,,,10.24,v2.3
Mistral-7B-Instruct-v0.3,fp16,16,2,10.0,0.0,1.0,,,10.24,v2.3
Mistral-7B-Instruct-v0.3,fp16,16,2,15.0,0.0,1.0,,,10.24,v2.3
Mistral-7B-Instruct-v0.3,fp16,16,2,20.0,0.0,1.0,,,10.24,v2.3
Mistral-7B-Instruct-v0.3,fp16,16,2,30.0,0.0,1.0,,,10.24,v2.3
Mistral-7B-Instruct-v0.3,fp16,16,3,-30.0,0.0,1.0,,,10.24,v2.3.1
Mistral-7B-Instruct-v0.3,fp16,16,3,-20.0,0.0,1.0,,,10.24,v2.3.1
Mistral-7B-Instruct-v0.3,fp16,16,3,-15.0,0.0,1.0,,,10.24,v2.3.1
Mistral-7B-Instruct-v0.3,fp16,16,3,-10.0,0.0,1.0,,,10.24,v2.3.1
Mistral-7B-Instruct-v0.3,fp16,16,3,-7.0,0.0,1.0,,,10.24,v2.3.1
Mistral-7B-Instruct-v0.3,fp16,16,3,-5.0,110.0,0.0,,,10.24,v2.3.1
Mistral-7B-Instruct-v0.3,fp16,16,3,-4.0,71.0,0.0,,,10.24,v2.3.1
Mistral-7B-Instruct-v0.3,fp16,16,3,-3.0,82.5,0.0,,,10.24,v2.3.1
Mistral-7B-Instruct-v0.3,fp16,16,3,-2.0,119.5,0.0,,,10.24,v2.3.1
Mistral-7B-Instruct-v0.3,fp16,16,3,-1.0,101.5,0.0,,,10.24,v2.3.1
Mistral-7B-Instruct-v0.3,fp16,16,3,0.0,114.0,0.0,0.53,0.135,10.24,v2.3.1
Mistral-7B-Instruct-v0.3,fp16,16,3,1.0,94.0,0.0,,,10.24,v2.3.1
Mistral-7B-Instruct-v0.3,fp16,16,3,2.0,151.0,0.0,,,10.24,v2.3.1
Mistral-7B-Instruct-v0.3,fp16,16,3,3.0,97.0,0.0,0.32,0.34,10.24,v2.3.1
Mistral-7B-Instruct-v0.3,fp16,16,3,4.0,118.0,0.0,0.125,0.485,10.24,v2.3.1
Mistral-7B-Instruct-v0.3,fp16,16,3,5.0,119.0,0.2,0.05,0.785,10.24,v2.3.1
Mistral-7B-Instruct-v0.3,fp16,16,3,7.0,0.0,1.0,0.0,1.0,10.24,v2.3.1
Mistral-7B-Instruct-v0.3,fp16,16,3,10.0,0.0,1.0,0.0,1.0,10.24,v2.3.1
Mistral-7B-Instruct-v0.3,fp16,16,3,15.0,0.0,1.0,0.0,1.0,10.24,v2.3.1
Mistral-7B-Instruct-v0.3,fp16,16,3,20.0,0.0,1.0,,,10.24,v2.3.1
Mistral-7B-Instruct-v0.3,fp16,16,3,30.0,0.0,1.0,,,10.24,v2.3.1
Mistral-7B-Instruct-v0.3,fp16,16,4,-30.0,0.0,1.0,,,10.24,v2.3
Mistral-7B-Instruct-v0.3,fp16,16,4,-20.0,0.0,1.0,,,10.24,v2.3
Mistral-7B-Instruct-v0.3,fp16,16,4,-15.0,0.0,1.0,,,10.24,v2.3
Mistral-7B-Instruct-v0.3,fp16,16,4,-10.0,0.0,1.0,,,10.24,v2.3
Mistral-7B-Instruct-v0.3,fp16,16,4,-7.0,0.0,1.0,,,10.24,v2.3
Mistral-7B-Instruct-v0.3,fp16,16,4,-5.0,86.0,0.0,,,10.24,v2.3
Mistral-7B-Instruct-v0.3,fp16,16,4,-4.0,133.0,0.0,,,10.24,v2.3
Mistral-7B-Instruct-v0.3,fp16,16,4,-3.0,88.0,0.0,,,10.24,v2.3
Mistral-7B-Instruct-v0.3,fp16,16,4,-2.0,154.5,0.0,,,10.24,v2.3
Mistral-7B-Instruct-v0.3,fp16,16,4,-1.0,149.5,0.0,,,10.24,v2.3
Mistral-7B-Instruct-v0.3,fp16,16,4,0.0,120.5,0.0,0.565,0.135,10.24,v2.3
Mistral-7B-Instruct-v0.3,fp16,16,4,1.0,160.0,0.0,0.48,0.275,10.24,v2.3
Mistral-7B-Instruct-v0.3,fp16,16,4,2.0,140.0,0.0,0.395,0.28,10.24,v2.3
Mistral-7B-Instruct-v0.3,fp16,16,4,3.0,172.5,0.0,0.32,0.3,10.24,v2.3
Mistral-7B-Instruct-v0.3,fp16,16,4,4.0,447.0,0.0,0.295,0.455,10.24,v2.3
Mistral-7B-Instruct-v0.3,fp16,16,4,5.0,0.0,1.0,0.01,0.905,10.24,v2.3
Mistral-7B-Instruct-v0.3,fp16,16,4,7.0,0.0,1.0,,,10.24,v2.3
Mistral-7B-Instruct-v0.3,fp16,16,4,10.0,0.0,1.0,,,10.24,v2.3
Mistral-7B-Instruct-v0.3,fp16,16,4,15.0,0.0,1.0,,,10.24,v2.3
Mistral-7B-Instruct-v0.3,fp16,16,4,20.0,0.0,1.0,,,10.24,v2.3
Mistral-7B-Instruct-v0.3,fp16,16,4,30.0,0.0,1.0,,,10.24,v2.3
Mistral-7B-Instruct-v0.3,fp16,16,5,-30.0,0.0,1.0,,,10.24,v2.3
Mistral-7B-Instruct-v0.3,fp16,16,5,-20.0,0.0,1.0,,,10.24,v2.3
Mistral-7B-Instruct-v0.3,fp16,16,5,-15.0,0.0,1.0,,,10.24,v2.3
Mistral-7B-Instruct-v0.3,fp16,16,5,-10.0,0.0,1.0,,,10.24,v2.3
Mistral-7B-Instruct-v0.3,fp16,16,5,-7.0,0.0,1.0,,,10.24,v2.3
Mistral-7B-Instruct-v0.3,fp16,16,5,-5.0,113.0,0.3,,,10.24,v2.3
Mistral-7B-Instruct-v0.3,fp16,16,5,-4.0,79.0,0.0,,,10.24,v2.3
Mistral-7B-Instruct-v0.3,fp16,16,5,-3.0,62.0,0.0,,,10.24,v2.3
Mistral-7B-Instruct-v0.3,fp16,16,5,-2.0,82.0,0.0,,,10.24,v2.3
Mistral-7B-Instruct-v0.3,fp16,16,5,-1.0,77.0,0.0,,,10.24,v2.3
Mistral-7B-Instruct-v0.3,fp16,16,5,0.0,108.5,0.0,0.515,0.15,10.24,v2.3
Mistral-7B-Instruct-v0.3,fp16,16,5,1.0,110.0,0.0,,,10.24,v2.3
Mistral-7B-Instruct-v0.3,fp16,16,5,2.0,131.0,0.0,,,10.24,v2.3
Mistral-7B-Instruct-v0.3,fp16,16,5,3.0,134.5,0.0,0.26,0.285,10.24,v2.3
Mistral-7B-Instruct-v0.3,fp16,16,5,4.0,120.0,0.1,0.095,0.38,10.24,v2.3
Mistral-7B-Instruct-v0.3,fp16,16,5,5.0,87.0,0.4,0.01,0.78,10.24,v2.3
Mistral-7B-Instruct-v0.3,fp16,16,5,7.0,0.0,1.0,0.0,1.0,10.24,v2.3
Mistral-7B-Instruct-v0.3,fp16,16,5,10.0,0.0,1.0,0.0,1.0,10.24,v2.3
Mistral-7B-Instruct-v0.3,fp16,16,5,15.0,0.0,1.0,,,10.24,v2.3
Mistral-7B-Instruct-v0.3,fp16,16,5,20.0,0.0,1.0,,,10.24,v2.3
Mistral-7B-Instruct-v0.3,fp16,16,5,30.0,0.0,1.0,,,10.24,v2.3
Mistral-7B-Instruct-v0.3,nf4,16,1,-30.0,0.0,1.0,,,9.71,v2.3.1
Mistral-7B-Instruct-v0.3,nf4,16,1,-20.0,0.0,1.0,,,9.71,v2.3.1
Mistral-7B-Instruct-v0.3,nf4,16,1,-15.0,0.0,1.0,,,9.71,v2.3.1
Mistral-7B-Instruct-v0.3,nf4,16,1,-10.0,0.0,1.0,,,9.71,v2.3.1
Mistral-7B-Instruct-v0.3,nf4,16,1,-7.0,0.0,1.0,,,9.71,v2.3.1
Mistral-7B-Instruct-v0.3,nf4,16,1,-5.0,99.0,0.4,,,9.71,v2.3.1
Mistral-7B-Instruct-v0.3,nf4,16,1,-4.0,107.0,0.0,,,9.71,v2.3.1
Mistral-7B-Instruct-v0.3,nf4,16,1,-3.0,93.5,0.0,,,9.71,v2.3.1
Mistral-7B-Instruct-v0.3,nf4,16,1,-2.0,110.5,0.0,,,9.71,v2.3.1
Mistral-7B-Instruct-v0.3,nf4,16,1,-1.0,134.0,0.0,,,9.71,v2.3.1
Mistral-7B-Instruct-v0.3,nf4,16,1,0.0,110.0,0.0,0.36,0.415,9.71,v2.3.1
Mistral-7B-Instruct-v0.3,nf4,16,1,1.0,131.5,0.0,0.345,0.425,9.71,v2.3.1
Mistral-7B-Instruct-v0.3,nf4,16,1,2.0,135.0,0.0,0.315,0.49,9.71,v2.3.1
Mistral-7B-Instruct-v0.3,nf4,16,1,3.0,158.0,0.0,0.23,0.525,9.71,v2.3.1
Mistral-7B-Instruct-v0.3,nf4,16,1,4.0,255.0,0.3,0.11,0.64,9.71,v2.3.1
Mistral-7B-Instruct-v0.3,nf4,16,1,5.0,301.0,0.8,0.005,0.965,9.71,v2.3.1
Mistral-7B-Instruct-v0.3,nf4,16,1,7.0,0.0,1.0,,,9.71,v2.3.1
Mistral-7B-Instruct-v0.3,nf4,16,1,10.0,0.0,1.0,,,9.71,v2.3.1
Mistral-7B-Instruct-v0.3,nf4,16,1,15.0,0.0,1.0,,,9.71,v2.3.1
Mistral-7B-Instruct-v0.3,nf4,16,1,20.0,0.0,1.0,,,9.71,v2.3.1
Mistral-7B-Instruct-v0.3,nf4,16,1,30.0,0.0,1.0,,,9.71,v2.3.1
Mistral-7B-Instruct-v0.3,nf4,16,2,-30.0,0.0,1.0,,,9.71,v2.3.1
Mistral-7B-Instruct-v0.3,nf4,16,2,-20.0,0.0,1.0,,,9.71,v2.3.1
Mistral-7B-Instruct-v0.3,nf4,16,2,-15.0,0.0,1.0,,,9.71,v2.3.1
Mistral-7B-Instruct-v0.3,nf4,16,2,-10.0,0.0,1.0,,,9.71,v2.3.1
Mistral-7B-Instruct-v0.3,nf4,16,2,-7.0,0.0,1.0,,,9.71,v2.3.1
Mistral-7B-Instruct-v0.3,nf4,16,2,-5.0,150.5,0.0,,,9.71,v2.3.1
Mistral-7B-Instruct-v0.3,nf4,16,2,-4.0,120.5,0.0,,,9.71,v2.3.1
Mistral-7B-Instruct-v0.3,nf4,16,2,-3.0,184.0,0.0,,,9.71,v2.3.1
Mistral-7B-Instruct-v0.3,nf4,16,2,-2.0,121.5,0.0,,,9.71,v2.3.1
Mistral-7B-Instruct-v0.3,nf4,16,2,-1.0,131.0,0.0,,,9.71,v2.3.1
Mistral-7B-Instruct-v0.3,nf4,16,2,0.0,145.5,0.0,0.45,0.35,9.71,v2.3.1
Mistral-7B-Instruct-v0.3,nf4,16,2,1.0,232.0,0.0,0.35,0.435,9.71,v2.3.1
Mistral-7B-Instruct-v0.3,nf4,16,2,2.0,351.0,0.0,0.225,0.465,9.71,v2.3.1
Mistral-7B-Instruct-v0.3,nf4,16,2,3.0,465.0,0.4,0.195,0.58,9.71,v2.3.1
Mistral-7B-Instruct-v0.3,nf4,16,2,4.0,488.5,0.0,,,9.71,v2.3.1
Mistral-7B-Instruct-v0.3,nf4,16,2,5.0,0.0,1.0,,,9.71,v2.3.1
Mistral-7B-Instruct-v0.3,nf4,16,2,7.0,0.0,1.0,,,9.71,v2.3.1
Mistral-7B-Instruct-v0.3,nf4,16,2,10.0,0.0,1.0,,,9.71,v2.3.1
Mistral-7B-Instruct-v0.3,nf4,16,2,15.0,0.0,1.0,,,9.71,v2.3.1
Mistral-7B-Instruct-v0.3,nf4,16,2,20.0,0.0,1.0,,,9.71,v2.3.1
Mistral-7B-Instruct-v0.3,nf4,16,2,30.0,0.0,1.0,,,9.71,v2.3.1
Mistral-7B-Instruct-v0.3,nf4,16,3,-30.0,0.0,1.0,,,9.71,v2.3.1
Mistral-7B-Instruct-v0.3,nf4,16,3,-20.0,0.0,1.0,,,9.71,v2.3.1
Mistral-7B-Instruct-v0.3,nf4,16,3,-15.0,0.0,1.0,,,9.71,v2.3.1
Mistral-7B-Instruct-v0.3,nf4,16,3,-10.0,0.0,1.0,,,9.71,v2.3.1
Mistral-7B-Instruct-v0.3,nf4,16,3,-7.0,0.0,1.0,,,9.71,v2.3.1
Mistral-7B-Instruct-v0.3,nf4,16,3,-5.0,219.0,0.5,,,9.71,v2.3.1
Mistral-7B-Instruct-v0.3,nf4,16,3,-4.0,131.0,0.0,,,9.71,v2.3.1
Mistral-7B-Instruct-v0.3,nf4,16,3,-3.0,97.0,0.0,,,9.71,v2.3.1
Mistral-7B-Instruct-v0.3,nf4,16,3,-2.0,114.5,0.0,,,9.71,v2.3.1
Mistral-7B-Instruct-v0.3,nf4,16,3,-1.0,155.0,0.0,,,9.71,v2.3.1
Mistral-7B-Instruct-v0.3,nf4,16,3,0.0,148.0,0.0,0.36,0.465,9.71,v2.3.1
Mistral-7B-Instruct-v0.3,nf4,16,3,1.0,181.0,0.0,,,9.71,v2.3.1
Mistral-7B-Instruct-v0.3,nf4,16,3,2.0,120.0,0.0,,,9.71,v2.3.1
Mistral-7B-Instruct-v0.3,nf4,16,3,3.0,202.5,0.4,0.15,0.66,9.71,v2.3.1
Mistral-7B-Instruct-v0.3,nf4,16,3,4.0,120.0,0.2,0.065,0.71,9.71,v2.3.1
Mistral-7B-Instruct-v0.3,nf4,16,3,5.0,133.0,0.8,0.005,0.935,9.71,v2.3.1
Mistral-7B-Instruct-v0.3,nf4,16,3,7.0,0.0,1.0,0.0,1.0,9.71,v2.3.1
Mistral-7B-Instruct-v0.3,nf4,16,3,10.0,0.0,1.0,0.0,1.0,9.71,v2.3.1
Mistral-7B-Instruct-v0.3,nf4,16,3,15.0,0.0,1.0,0.0,1.0,9.71,v2.3.1
Mistral-7B-Instruct-v0.3,nf4,16,3,20.0,0.0,1.0,,,9.71,v2.3.1
Mistral-7B-Instruct-v0.3,nf4,16,3,30.0,0.0,1.0,,,9.71,v2.3.1
Mistral-7B-Instruct-v0.3,nf4,16,4,-30.0,0.0,1.0,,,9.71,v2.3.1
Mistral-7B-Instruct-v0.3,nf4,16,4,-20.0,0.0,1.0,,,9.71,v2.3.1
Mistral-7B-Instruct-v0.3,nf4,16,4,-15.0,0.0,1.0,,,9.71,v2.3.1
Mistral-7B-Instruct-v0.3,nf4,16,4,-10.0,0.0,1.0,,,9.71,v2.3.1
Mistral-7B-Instruct-v0.3,nf4,16,4,-7.0,0.0,1.0,,,9.71,v2.3.1
Mistral-7B-Instruct-v0.3,nf4,16,4,-5.0,178.0,0.3,,,9.71,v2.3.1
Mistral-7B-Instruct-v0.3,nf4,16,4,-4.0,110.0,0.0,,,9.71,v2.3.1
Mistral-7B-Instruct-v0.3,nf4,16,4,-3.0,93.0,0.0,,,9.71,v2.3.1
Mistral-7B-Instruct-v0.3,nf4,16,4,-2.0,91.0,0.0,,,9.71,v2.3.1
Mistral-7B-Instruct-v0.3,nf4,16,4,-1.0,125.5,0.0,,,9.71,v2.3.1
Mistral-7B-Instruct-v0.3,nf4,16,4,0.0,109.0,0.0,0.305,0.46,9.71,v2.3.1
Mistral-7B-Instruct-v0.3,nf4,16,4,1.0,99.0,0.0,0.345,0.4,9.71,v2.3.1
Mistral-7B-Instruct-v0.3,nf4,16,4,2.0,216.0,0.0,0.355,0.395,9.71,v2.3.1
Mistral-7B-Instruct-v0.3,nf4,16,4,3.0,215.5,0.0,0.205,0.49,9.71,v2.3.1
Mistral-7B-Instruct-v0.3,nf4,16,4,4.0,119.0,0.0,0.12,0.68,9.71,v2.3.1
Mistral-7B-Instruct-v0.3,nf4,16,4,5.0,127.0,0.7,0.01,0.97,9.71,v2.3.1
Mistral-7B-Instruct-v0.3,nf4,16,4,7.0,0.0,1.0,0.0,1.0,9.71,v2.3.1
Mistral-7B-Instruct-v0.3,nf4,16,4,10.0,0.0,1.0,0.0,1.0,9.71,v2.3.1
Mistral-7B-Instruct-v0.3,nf4,16,4,15.0,0.0,1.0,0.0,1.0,9.71,v2.3.1
Mistral-7B-Instruct-v0.3,nf4,16,4,20.0,0.0,1.0,0.0,1.0,9.71,v2.3.1
Mistral-7B-Instruct-v0.3,nf4,16,4,30.0,0.0,1.0,0.0,1.0,9.71,v2.3.1
Mistral-7B-Instruct-v0.3,nf4,16,5,-30.0,0.0,1.0,,,9.71,v2.3.1
Mistral-7B-Instruct-v0.3,nf4,16,5,-20.0,0.0,1.0,,,9.71,v2.3.1
Mistral-7B-Instruct-v0.3,nf4,16,5,-15.0,0.0,1.0,,,9.71,v2.3.1
Mistral-7B-Instruct-v0.3,nf4,16,5,-10.0,0.0,1.0,,,9.71,v2.3.1
Mistral-7B-Instruct-v0.3,nf4,16,5,-7.0,0.0,1.0,,,9.71,v2.3.1
Mistral-7B-Instruct-v0.3,nf4,16,5,-5.0,135.0,0.4,,,9.71,v2.3.1
Mistral-7B-Instruct-v0.3,nf4,16,5,-4.0,94.0,0.0,,,9.71,v2.3.1
Mistral-7B-Instruct-v0.3,nf4,16,5,-3.0,76.0,0.0,,,9.71,v2.3.1
Mistral-7B-Instruct-v0.3,nf4,16,5,-2.0,76.5,0.0,,,9.71,v2.3.1
Mistral-7B-Instruct-v0.3,nf4,16,5,-1.0,107.0,0.0,,,9.71,v2.3.1
Mistral-7B-Instruct-v0.3,nf4,16,5,0.0,95.5,0.0,0.35,0.4,9.71,v2.3.1
Mistral-7B-Instruct-v0.3,nf4,16,5,1.0,88.0,0.0,,,9.71,v2.3.1
Mistral-7B-Instruct-v0.3,nf4,16,5,2.0,144.0,0.0,,,9.71,v2.3.1
Mistral-7B-Instruct-v0.3,nf4,16,5,3.0,151.0,0.0,0.17,0.47,9.71,v2.3.1
Mistral-7B-Instruct-v0.3,nf4,16,5,4.0,81.0,0.2,0.08,0.605,9.71,v2.3.1
Mistral-7B-Instruct-v0.3,nf4,16,5,5.0,132.0,0.1,0.01,0.875,9.71,v2.3.1
Mistral-7B-Instruct-v0.3,nf4,16,5,7.0,0.0,1.0,0.0,1.0,9.71,v2.3.1
Mistral-7B-Instruct-v0.3,nf4,16,5,10.0,0.0,1.0,0.0,1.0,9.71,v2.3.1
Mistral-7B-Instruct-v0.3,nf4,16,5,15.0,0.0,1.0,0.0,1.0,9.71,v2.3.1
Mistral-7B-Instruct-v0.3,nf4,16,5,20.0,0.0,1.0,,,9.71,v2.3.1
Mistral-7B-Instruct-v0.3,nf4,16,5,30.0,0.0,1.0,,,9.71,v2.3.1
Mistral-7B-Instruct-v0.3,int8,16,1,-30.0,0.0,1.0,,,11.11,v2.3.1
Mistral-7B-Instruct-v0.3,int8,16,1,-20.0,0.0,1.0,,,11.11,v2.3.1
Mistral-7B-Instruct-v0.3,int8,16,1,-15.0,0.0,1.0,,,11.11,v2.3.1
Mistral-7B-Instruct-v0.3,int8,16,1,-10.0,0.0,1.0,,,11.11,v2.3.1
Mistral-7B-Instruct-v0.3,int8,16,1,-7.0,0.0,1.0,,,11.11,v2.3.1
Mistral-7B-Instruct-v0.3,int8,16,1,-5.0,124.0,0.0,,,11.11,v2.3.1
Mistral-7B-Instruct-v0.3,int8,16,1,-4.0,86.5,0.0,,,11.11,v2.3.1
Mistral-7B-Instruct-v0.3,int8,16,1,-3.0,78.0,0.0,,,11.11,v2.3.1
Mistral-7B-Instruct-v0.3,int8,16,1,-2.0,81.0,0.0,,,11.11,v2.3.1
Mistral-7B-Instruct-v0.3,int8,16,1,-1.0,110.0,0.0,,,11.11,v2.3.1
Mistral-7B-Instruct-v0.3,int8,16,1,0.0,116.0,0.0,0.51,0.18,11.11,v2.3.1
Mistral-7B-Instruct-v0.3,int8,16,1,1.0,118.5,0.0,0.45,0.285,11.11,v2.3.1
Mistral-7B-Instruct-v0.3,int8,16,1,2.0,200.5,0.0,0.425,0.29,11.11,v2.3.1
Mistral-7B-Instruct-v0.3,int8,16,1,3.0,159.0,0.0,0.245,0.39,11.11,v2.3.1
Mistral-7B-Instruct-v0.3,int8,16,1,4.0,157.5,0.0,0.15,0.49,11.11,v2.3.1
Mistral-7B-Instruct-v0.3,int8,16,1,5.0,191.0,0.5,,,11.11,v2.3.1
Mistral-7B-Instruct-v0.3,int8,16,1,7.0,0.0,1.0,,,11.11,v2.3.1
Mistral-7B-Instruct-v0.3,int8,16,1,10.0,0.0,1.0,,,11.11,v2.3.1
Mistral-7B-Instruct-v0.3,int8,16,1,15.0,0.0,1.0,,,11.11,v2.3.1
Mistral-7B-Instruct-v0.3,int8,16,1,20.0,0.0,1.0,,,11.11,v2.3.1
Mistral-7B-Instruct-v0.3,int8,16,1,30.0,0.0,1.0,,,11.11,v2.3.1
Mistral-7B-Instruct-v0.3,int8,16,2,-30.0,0.0,1.0,,,11.11,v2.3.1
Mistral-7B-Instruct-v0.3,int8,16,2,-20.0,0.0,1.0,,,11.11,v2.3.1
Mistral-7B-Instruct-v0.3,int8,16,2,-15.0,0.0,1.0,,,11.11,v2.3.1
Mistral-7B-Instruct-v0.3,int8,16,2,-10.0,0.0,1.0,,,11.11,v2.3.1
Mistral-7B-Instruct-v0.3,int8,16,2,-7.0,0.0,1.0,,,11.11,v2.3.1
Mistral-7B-Instruct-v0.3,int8,16,2,-5.0,114.0,0.0,,,11.11,v2.3.1
Mistral-7B-Instruct-v0.3,int8,16,2,-4.0,159.0,0.0,,,11.11,v2.3.1
Mistral-7B-Instruct-v0.3,int8,16,2,-3.0,85.5,0.0,,,11.11,v2.3.1
Mistral-7B-Instruct-v0.3,int8,16,2,-2.0,88.0,0.0,,,11.11,v2.3.1
Mistral-7B-Instruct-v0.3,int8,16,2,-1.0,89.5,0.0,,,11.11,v2.3.1
Mistral-7B-Instruct-v0.3,int8,16,2,0.0,137.0,0.0,0.46,0.17,11.11,v2.3.1
Mistral-7B-Instruct-v0.3,int8,16,2,1.0,229.0,0.0,0.415,0.22,11.11,v2.3.1
Mistral-7B-Instruct-v0.3,int8,16,2,2.0,204.0,0.0,0.35,0.355,11.11,v2.3.1
Mistral-7B-Instruct-v0.3,int8,16,2,3.0,359.0,0.0,0.315,0.375,11.11,v2.3.1
Mistral-7B-Instruct-v0.3,int8,16,2,4.0,247.0,0.0,0.135,0.605,11.11,v2.3.1
Mistral-7B-Instruct-v0.3,int8,16,2,5.0,643.0,0.5,,,11.11,v2.3.1
Mistral-7B-Instruct-v0.3,int8,16,2,7.0,0.0,1.0,,,11.11,v2.3.1
Mistral-7B-Instruct-v0.3,int8,16,2,10.0,0.0,1.0,,,11.11,v2.3.1
Mistral-7B-Instruct-v0.3,int8,16,2,15.0,0.0,1.0,,,11.11,v2.3.1
Mistral-7B-Instruct-v0.3,int8,16,2,20.0,0.0,1.0,,,11.11,v2.3.1
Mistral-7B-Instruct-v0.3,int8,16,2,30.0,0.0,1.0,,,11.11,v2.3.1
Mistral-7B-Instruct-v0.3,int8,16,3,-30.0,0.0,1.0,,,11.11,v2.3.1
Mistral-7B-Instruct-v0.3,int8,16,3,-20.0,0.0,1.0,,,11.11,v2.3.1
Mistral-7B-Instruct-v0.3,int8,16,3,-15.0,0.0,1.0,,,11.11,v2.3.1
Mistral-7B-Instruct-v0.3,int8,16,3,-10.0,0.0,1.0,,,11.11,v2.3.1
Mistral-7B-Instruct-v0.3,int8,16,3,-7.0,0.0,1.0,,,11.11,v2.3.1
Mistral-7B-Instruct-v0.3,int8,16,3,-5.0,149.0,0.3,,,11.11,v2.3.1
Mistral-7B-Instruct-v0.3,int8,16,3,-4.0,95.5,0.0,,,11.11,v2.3.1
Mistral-7B-Instruct-v0.3,int8,16,3,-3.0,122.0,0.0,,,11.11,v2.3.1
Mistral-7B-Instruct-v0.3,int8,16,3,-2.0,125.0,0.0,,,11.11,v2.3.1
Mistral-7B-Instruct-v0.3,int8,16,3,-1.0,100.0,0.0,,,11.11,v2.3.1
Mistral-7B-Instruct-v0.3,int8,16,3,0.0,117.0,0.0,0.505,0.16,11.11,v2.3.1
Mistral-7B-Instruct-v0.3,int8,16,3,1.0,100.5,0.0,,,11.11,v2.3.1
Mistral-7B-Instruct-v0.3,int8,16,3,2.0,136.0,0.0,,,11.11,v2.3.1
Mistral-7B-Instruct-v0.3,int8,16,3,3.0,179.0,0.1,0.265,0.38,11.11,v2.3.1
Mistral-7B-Instruct-v0.3,int8,16,3,4.0,103.0,0.0,0.13,0.54,11.11,v2.3.1
Mistral-7B-Instruct-v0.3,int8,16,3,5.0,124.0,0.1,0.02,0.82,11.11,v2.3.1
Mistral-7B-Instruct-v0.3,int8,16,3,7.0,0.0,1.0,0.0,1.0,11.11,v2.3.1
Mistral-7B-Instruct-v0.3,int8,16,3,10.0,0.0,1.0,0.0,1.0,11.11,v2.3.1
Mistral-7B-Instruct-v0.3,int8,16,3,15.0,0.0,1.0,0.0,1.0,11.11,v2.3.1
Mistral-7B-Instruct-v0.3,int8,16,3,20.0,0.0,1.0,,,11.11,v2.3.1
Mistral-7B-Instruct-v0.3,int8,16,3,30.0,0.0,1.0,,,11.11,v2.3.1
Mistral-7B-Instruct-v0.3,int8,16,4,-30.0,0.0,1.0,,,11.11,v2.3.1
Mistral-7B-Instruct-v0.3,int8,16,4,-20.0,0.0,1.0,,,11.11,v2.3.1
Mistral-7B-Instruct-v0.3,int8,16,4,-15.0,0.0,1.0,,,11.11,v2.3.1
Mistral-7B-Instruct-v0.3,int8,16,4,-10.0,0.0,1.0,,,11.11,v2.3.1
Mistral-7B-Instruct-v0.3,int8,16,4,-7.0,138.0,0.9,,,11.11,v2.3.1
Mistral-7B-Instruct-v0.3,int8,16,4,-5.0,145.0,0.0,,,11.11,v2.3.1
Mistral-7B-Instruct-v0.3,int8,16,4,-4.0,80.0,0.0,,,11.11,v2.3.1
Mistral-7B-Instruct-v0.3,int8,16,4,-3.0,75.0,0.0,,,11.11,v2.3.1
Mistral-7B-Instruct-v0.3,int8,16,4,-2.0,116.5,0.0,,,11.11,v2.3.1
Mistral-7B-Instruct-v0.3,int8,16,4,-1.0,89.0,0.0,,,11.11,v2.3.1
Mistral-7B-Instruct-v0.3,int8,16,4,0.0,127.0,0.0,0.5,0.205,11.11,v2.3.1
Mistral-7B-Instruct-v0.3,int8,16,4,1.0,129.0,0.4,0.51,0.235,11.11,v2.3.1
Mistral-7B-Instruct-v0.3,int8,16,4,2.0,182.0,0.0,0.46,0.26,11.11,v2.3.1
Mistral-7B-Instruct-v0.3,int8,16,4,3.0,211.0,0.0,0.35,0.32,11.11,v2.3.1
Mistral-7B-Instruct-v0.3,int8,16,4,4.0,321.0,0.0,0.29,0.345,11.11,v2.3.1
Mistral-7B-Instruct-v0.3,int8,16,4,5.0,0.0,1.0,0.075,0.83,11.11,v2.3.1
Mistral-7B-Instruct-v0.3,int8,16,4,7.0,0.0,1.0,0.0,1.0,11.11,v2.3.1
Mistral-7B-Instruct-v0.3,int8,16,4,10.0,0.0,1.0,,,11.11,v2.3.1
Mistral-7B-Instruct-v0.3,int8,16,4,15.0,0.0,1.0,,,11.11,v2.3.1
Mistral-7B-Instruct-v0.3,int8,16,4,20.0,0.0,1.0,,,11.11,v2.3.1
Mistral-7B-Instruct-v0.3,int8,16,4,30.0,0.0,1.0,,,11.11,v2.3.1
Mistral-7B-Instruct-v0.3,int8,16,5,-30.0,0.0,1.0,,,11.11,v2.3.1
Mistral-7B-Instruct-v0.3,int8,16,5,-20.0,0.0,1.0,,,11.11,v2.3.1
Mistral-7B-Instruct-v0.3,int8,16,5,-15.0,0.0,1.0,,,11.11,v2.3.1
Mistral-7B-Instruct-v0.3,int8,16,5,-10.0,0.0,1.0,,,11.11,v2.3.1
Mistral-7B-Instruct-v0.3,int8,16,5,-7.0,149.0,0.8,,,11.11,v2.3.1
Mistral-7B-Instruct-v0.3,int8,16,5,-5.0,98.0,0.3,,,11.11,v2.3.1
Mistral-7B-Instruct-v0.3,int8,16,5,-4.0,88.5,0.0,,,11.11,v2.3.1
Mistral-7B-Instruct-v0.3,int8,16,5,-3.0,66.0,0.0,,,11.11,v2.3.1
Mistral-7B-Instruct-v0.3,int8,16,5,-2.0,56.0,0.0,,,11.11,v2.3.1
Mistral-7B-Instruct-v0.3,int8,16,5,-1.0,64.5,0.0,,,11.11,v2.3.1
Mistral-7B-Instruct-v0.3,int8,16,5,0.0,115.0,0.0,0.425,0.235,11.11,v2.3.1
Mistral-7B-Instruct-v0.3,int8,16,5,1.0,108.0,0.0,,,11.11,v2.3.1
Mistral-7B-Instruct-v0.3,int8,16,5,2.0,134.5,0.0,,,11.11,v2.3.1
Mistral-7B-Instruct-v0.3,int8,16,5,3.0,137.0,0.0,0.3,0.31,11.11,v2.3.1
Mistral-7B-Instruct-v0.3,int8,16,5,4.0,135.0,0.1,0.125,0.375,11.11,v2.3.1
Mistral-7B-Instruct-v0.3,int8,16,5,5.0,96.0,0.3,0.01,0.755,11.11,v2.3.1
Mistral-7B-Instruct-v0.3,int8,16,5,7.0,0.0,1.0,0.0,1.0,11.11,v2.3.1
Mistral-7B-Instruct-v0.3,int8,16,5,10.0,0.0,1.0,0.0,1.0,11.11,v2.3.1
Mistral-7B-Instruct-v0.3,int8,16,5,15.0,0.0,1.0,,,11.11,v2.3.1
Mistral-7B-Instruct-v0.3,int8,16,5,20.0,0.0,1.0,,,11.11,v2.3.1
Mistral-7B-Instruct-v0.3,int8,16,5,30.0,0.0,1.0,,,11.11,v2.3.1
Qwen2.5-7B-Instruct,fp16,14,1,-80.0,0.0,1.0,,,270.84,v2.3.1
Qwen2.5-7B-Instruct,fp16,14,1,-60.0,0.0,1.0,,,270.84,v2.3.1
Qwen2.5-7B-Instruct,fp16,14,1,-40.0,187.5,0.0,,,270.84,v2.3.1
Qwen2.5-7B-Instruct,fp16,14,1,-35.0,197.0,0.0,,,270.84,v2.3.1
Qwen2.5-7B-Instruct,fp16,14,1,-30.0,173.5,0.0,,,270.84,v2.3.1
Qwen2.5-7B-Instruct,fp16,14,1,-25.0,173.0,0.0,,,270.84,v2.3.1
Qwen2.5-7B-Instruct,fp16,14,1,-20.0,197.0,0.0,,,270.84,v2.3.1
Qwen2.5-7B-Instruct,fp16,14,1,-15.0,194.0,0.0,,,270.84,v2.3.1
Qwen2.5-7B-Instruct,fp16,14,1,-10.0,207.5,0.0,,,270.84,v2.3.1
Qwen2.5-7B-Instruct,fp16,14,1,-5.0,207.0,0.0,,,270.84,v2.3.1
Qwen2.5-7B-Instruct,fp16,14,1,0.0,203.0,0.0,0.925,0.005,270.84,v2.3.1
Qwen2.5-7B-Instruct,fp16,14,1,5.0,213.0,0.0,,,270.84,v2.3.1
Qwen2.5-7B-Instruct,fp16,14,1,10.0,233.0,0.0,,,270.84,v2.3.1
Qwen2.5-7B-Instruct,fp16,14,1,15.0,192.5,0.0,0.885,0.005,270.84,v2.3.1
Qwen2.5-7B-Instruct,fp16,14,1,20.0,217.0,0.0,0.895,0.01,270.84,v2.3.1
Qwen2.5-7B-Instruct,fp16,14,1,40.0,258.0,0.0,0.66,0.155,270.84,v2.3.1
Qwen2.5-7B-Instruct,fp16,14,1,60.0,0.0,1.0,0.0,1.0,270.84,v2.3.1
Qwen2.5-7B-Instruct,fp16,14,1,80.0,0.0,1.0,0.0,1.0,270.84,v2.3.1
Qwen2.5-7B-Instruct,fp16,14,2,-80.0,0.0,1.0,,,270.84,v2.3
Qwen2.5-7B-Instruct,fp16,14,2,-60.0,211.0,0.9,,,270.84,v2.3
Qwen2.5-7B-Instruct,fp16,14,2,-40.0,163.0,0.0,,,270.84,v2.3
Qwen2.5-7B-Instruct,fp16,14,2,-35.0,184.5,0.0,,,270.84,v2.3
Qwen2.5-7B-Instruct,fp16,14,2,-30.0,183.5,0.0,,,270.84,v2.3
Qwen2.5-7B-Instruct,fp16,14,2,-25.0,217.5,0.0,,,270.84,v2.3
Qwen2.5-7B-Instruct,fp16,14,2,-20.0,236.0,0.0,,,270.84,v2.3
Qwen2.5-7B-Instruct,fp16,14,2,-15.0,188.5,0.0,,,270.84,v2.3
Qwen2.5-7B-Instruct,fp16,14,2,-10.0,263.0,0.0,,,270.84,v2.3
Qwen2.5-7B-Instruct,fp16,14,2,-5.0,208.5,0.0,,,270.84,v2.3
Qwen2.5-7B-Instruct,fp16,14,2,0.0,235.5,0.0,0.915,0.02,270.84,v2.3
Qwen2.5-7B-Instruct,fp16,14,2,5.0,247.5,0.0,,,270.84,v2.3
Qwen2.5-7B-Instruct,fp16,14,2,10.0,241.0,0.0,,,270.84,v2.3
Qwen2.5-7B-Instruct,fp16,14,2,15.0,304.0,0.0,,,270.84,v2.3
Qwen2.5-7B-Instruct,fp16,14,2,20.0,304.0,0.0,0.88,0.005,270.84,v2.3
Qwen2.5-7B-Instruct,fp16,14,2,40.0,278.0,0.0,0.515,0.155,270.84,v2.3
Qwen2.5-7B-Instruct,fp16,14,2,60.0,121.0,0.9,0.0,1.0,270.84,v2.3
Qwen2.5-7B-Instruct,fp16,14,2,80.0,0.0,1.0,0.0,1.0,270.84,v2.3
Qwen2.5-7B-Instruct,fp16,14,3,-80.0,0.0,1.0,,,270.84,v2.3
Qwen2.5-7B-Instruct,fp16,14,3,-60.0,0.0,1.0,,,270.84,v2.3
Qwen2.5-7B-Instruct,fp16,14,3,-40.0,235.0,0.0,,,270.84,v2.3
Qwen2.5-7B-Instruct,fp16,14,3,-35.0,209.0,0.0,,,270.84,v2.3
Qwen2.5-7B-Instruct,fp16,14,3,-30.0,243.0,0.0,,,270.84,v2.3
Qwen2.5-7B-Instruct,fp16,14,3,-25.0,230.0,0.0,,,270.84,v2.3
Qwen2.5-7B-Instruct,fp16,14,3,-20.0,197.0,0.0,,,270.84,v2.3
Qwen2.5-7B-Instruct,fp16,14,3,-15.0,194.0,0.0,,,270.84,v2.3
Qwen2.5-7B-Instruct,fp16,14,3,-10.0,252.0,0.0,,,270.84,v2.3
Qwen2.5-7B-Instruct,fp16,14,3,-5.0,256.0,0.0,,,270.84,v2.3
Qwen2.5-7B-Instruct,fp16,14,3,0.0,209.0,0.0,0.92,0.0,270.84,v2.3
Qwen2.5-7B-Instruct,fp16,14,3,5.0,178.0,0.0,,,270.84,v2.3
Qwen2.5-7B-Instruct,fp16,14,3,10.0,227.0,0.0,,,270.84,v2.3
Qwen2.5-7B-Instruct,fp16,14,3,15.0,268.0,0.0,0.915,0.0,270.84,v2.3
Qwen2.5-7B-Instruct,fp16,14,3,20.0,177.0,0.0,0.89,0.02,270.84,v2.3
Qwen2.5-7B-Instruct,fp16,14,3,40.0,195.0,0.0,0.615,0.15,270.84,v2.3
Qwen2.5-7B-Instruct,fp16,14,3,60.0,0.0,1.0,0.0,1.0,270.84,v2.3
Qwen2.5-7B-Instruct,fp16,14,3,80.0,0.0,1.0,0.0,1.0,270.84,v2.3
Qwen2.5-7B-Instruct,fp16,14,4,-80.0,0.0,1.0,,,270.84,v2.3
Qwen2.5-7B-Instruct,fp16,14,4,-60.0,106.0,0.8,,,270.84,v2.3
Qwen2.5-7B-Instruct,fp16,14,4,-40.0,193.0,0.0,,,270.84,v2.3
Qwen2.5-7B-Instruct,fp16,14,4,-35.0,193.0,0.0,,,270.84,v2.3
Qwen2.5-7B-Instruct,fp16,14,4,-30.0,176.5,0.0,,,270.84,v2.3
Qwen2.5-7B-Instruct,fp16,14,4,-25.0,184.5,0.0,,,270.84,v2.3
Qwen2.5-7B-Instruct,fp16,14,4,-20.0,200.0,0.0,,,270.84,v2.3
Qwen2.5-7B-Instruct,fp16,14,4,-15.0,203.0,0.0,,,270.84,v2.3
Qwen2.5-7B-Instruct,fp16,14,4,-10.0,243.0,0.0,,,270.84,v2.3
Qwen2.5-7B-Instruct,fp16,14,4,-5.0,196.0,0.0,,,270.84,v2.3
Qwen2.5-7B-Instruct,fp16,14,4,0.0,216.0,0.0,0.93,0.02,270.84,v2.3
Qwen2.5-7B-Instruct,fp16,14,4,5.0,197.5,0.0,,,270.84,v2.3
Qwen2.5-7B-Instruct,fp16,14,4,10.0,202.0,0.0,,,270.84,v2.3
Qwen2.5-7B-Instruct,fp16,14,4,15.0,270.0,0.0,0.93,0.01,270.84,v2.3
Qwen2.5-7B-Instruct,fp16,14,4,20.0,221.5,0.0,0.92,0.03,270.84,v2.3
Qwen2.5-7B-Instruct,fp16,14,4,40.0,217.0,0.0,0.74,0.085,270.84,v2.3
Qwen2.5-7B-Instruct,fp16,14,4,60.0,0.0,1.0,0.0,1.0,270.84,v2.3
Qwen2.5-7B-Instruct,fp16,14,4,80.0,0.0,1.0,0.0,1.0,270.84,v2.3
Qwen2.5-7B-Instruct,fp16,14,5,-80.0,0.0,1.0,,,270.84,v2.3
Qwen2.5-7B-Instruct,fp16,14,5,-60.0,96.0,0.1,,,270.84,v2.3
Qwen2.5-7B-Instruct,fp16,14,5,-40.0,120.5,0.0,,,270.84,v2.3
Qwen2.5-7B-Instruct,fp16,14,5,-35.0,114.0,0.0,,,270.84,v2.3
Qwen2.5-7B-Instruct,fp16,14,5,-30.0,145.5,0.0,,,270.84,v2.3
Qwen2.5-7B-Instruct,fp16,14,5,-25.0,160.0,0.0,,,270.84,v2.3
Qwen2.5-7B-Instruct,fp16,14,5,-20.0,136.0,0.0,,,270.84,v2.3
Qwen2.5-7B-Instruct,fp16,14,5,-15.0,144.5,0.0,,,270.84,v2.3
Qwen2.5-7B-Instruct,fp16,14,5,-10.0,161.0,0.0,,,270.84,v2.3
Qwen2.5-7B-Instruct,fp16,14,5,-5.0,176.0,0.0,,,270.84,v2.3
Qwen2.5-7B-Instruct,fp16,14,5,0.0,174.0,0.0,0.865,0.015,270.84,v2.3
Qwen2.5-7B-Instruct,fp16,14,5,5.0,185.0,0.0,,,270.84,v2.3
Qwen2.5-7B-Instruct,fp16,14,5,10.0,184.0,0.0,,,270.84,v2.3
Qwen2.5-7B-Instruct,fp16,14,5,15.0,221.0,0.0,0.84,0.03,270.84,v2.3
Qwen2.5-7B-Instruct,fp16,14,5,20.0,232.0,0.0,0.84,0.045,270.84,v2.3
Qwen2.5-7B-Instruct,fp16,14,5,40.0,217.0,0.0,0.59,0.155,270.84,v2.3
Qwen2.5-7B-Instruct,fp16,14,5,60.0,0.0,1.0,0.0,1.0,270.84,v2.3
Qwen2.5-7B-Instruct,fp16,14,5,80.0,0.0,1.0,0.0,1.0,270.84,v2.3
Qwen2.5-7B-Instruct,nf4,14,1,-80.0,0.0,1.0,,,263.39,v2.3.1
Qwen2.5-7B-Instruct,nf4,14,1,-60.0,0.0,1.0,,,263.39,v2.3.1
Qwen2.5-7B-Instruct,nf4,14,1,-40.0,236.0,0.0,,,263.39,v2.3.1
Qwen2.5-7B-Instruct,nf4,14,1,-35.0,194.0,0.0,,,263.39,v2.3.1
Qwen2.5-7B-Instruct,nf4,14,1,-30.0,198.5,0.0,,,263.39,v2.3.1
Qwen2.5-7B-Instruct,nf4,14,1,-25.0,190.0,0.0,,,263.39,v2.3.1
Qwen2.5-7B-Instruct,nf4,14,1,-20.0,176.5,0.0,,,263.39,v2.3.1
Qwen2.5-7B-Instruct,nf4,14,1,-15.0,204.0,0.0,,,263.39,v2.3.1
Qwen2.5-7B-Instruct,nf4,14,1,-10.0,204.0,0.0,,,263.39,v2.3.1
Qwen2.5-7B-Instruct,nf4,14,1,-5.0,204.0,0.0,,,263.39,v2.3.1
Qwen2.5-7B-Instruct,nf4,14,1,0.0,204.0,0.0,0.885,0.01,263.39,v2.3.1
Qwen2.5-7B-Instruct,nf4,14,1,5.0,205.5,0.0,,,263.39,v2.3.1
Qwen2.5-7B-Instruct,nf4,14,1,10.0,234.5,0.0,,,263.39,v2.3.1
Qwen2.5-7B-Instruct,nf4,14,1,15.0,211.0,0.0,0.875,0.0,263.39,v2.3.1
Qwen2.5-7B-Instruct,nf4,14,1,20.0,208.0,0.0,0.885,0.005,263.39,v2.3.1
Qwen2.5-7B-Instruct,nf4,14,1,40.0,265.0,0.0,0.575,0.15,263.39,v2.3.1
Qwen2.5-7B-Instruct,nf4,14,1,60.0,0.0,1.0,0.0,1.0,263.39,v2.3.1
Qwen2.5-7B-Instruct,nf4,14,1,80.0,0.0,1.0,0.0,1.0,263.39,v2.3.1
Qwen2.5-7B-Instruct,nf4,14,2,-80.0,0.0,1.0,,,263.39,v2.3.1
Qwen2.5-7B-Instruct,nf4,14,2,-60.0,0.0,1.0,,,263.39,v2.3.1
Qwen2.5-7B-Instruct,nf4,14,2,-40.0,154.0,0.0,,,263.39,v2.3.1
Qwen2.5-7B-Instruct,nf4,14,2,-35.0,172.0,0.0,,,263.39,v2.3.1
Qwen2.5-7B-Instruct,nf4,14,2,-30.0,218.0,0.0,,,263.39,v2.3.1
Qwen2.5-7B-Instruct,nf4,14,2,-25.0,200.0,0.0,,,263.39,v2.3.1
Qwen2.5-7B-Instruct,nf4,14,2,-20.0,227.0,0.0,,,263.39,v2.3.1
Qwen2.5-7B-Instruct,nf4,14,2,-15.0,209.0,0.0,,,263.39,v2.3.1
Qwen2.5-7B-Instruct,nf4,14,2,-10.0,206.0,0.0,,,263.39,v2.3.1
Qwen2.5-7B-Instruct,nf4,14,2,-5.0,212.0,0.0,,,263.39,v2.3.1
Qwen2.5-7B-Instruct,nf4,14,2,0.0,236.0,0.0,0.855,0.02,263.39,v2.3.1
Qwen2.5-7B-Instruct,nf4,14,2,5.0,247.0,0.0,,,263.39,v2.3.1
Qwen2.5-7B-Instruct,nf4,14,2,10.0,242.0,0.0,,,263.39,v2.3.1
Qwen2.5-7B-Instruct,nf4,14,2,15.0,249.0,0.0,,,263.39,v2.3.1
Qwen2.5-7B-Instruct,nf4,14,2,20.0,223.0,0.0,,,263.39,v2.3.1
Qwen2.5-7B-Instruct,nf4,14,2,40.0,295.0,0.0,0.57,0.21,263.39,v2.3.1
Qwen2.5-7B-Instruct,nf4,14,2,60.0,725.0,0.4,0.0,0.97,263.39,v2.3.1
Qwen2.5-7B-Instruct,nf4,14,2,80.0,0.0,1.0,0.0,1.0,263.39,v2.3.1
Qwen2.5-7B-Instruct,nf4,14,3,-80.0,0.0,1.0,,,263.39,v2.3.1
Qwen2.5-7B-Instruct,nf4,14,3,-60.0,0.0,1.0,,,263.39,v2.3.1
Qwen2.5-7B-Instruct,nf4,14,3,-40.0,193.0,0.0,,,263.39,v2.3.1
Qwen2.5-7B-Instruct,nf4,14,3,-35.0,219.0,0.0,,,263.39,v2.3.1
Qwen2.5-7B-Instruct,nf4,14,3,-30.0,204.0,0.1,,,263.39,v2.3.1
Qwen2.5-7B-Instruct,nf4,14,3,-25.0,181.0,0.0,,,263.39,v2.3.1
Qwen2.5-7B-Instruct,nf4,14,3,-20.0,182.0,0.0,,,263.39,v2.3.1
Qwen2.5-7B-Instruct,nf4,14,3,-15.0,183.5,0.0,,,263.39,v2.3.1
Qwen2.5-7B-Instruct,nf4,14,3,-10.0,192.5,0.0,,,263.39,v2.3.1
Qwen2.5-7B-Instruct,nf4,14,3,-5.0,183.0,0.0,,,263.39,v2.3.1
Qwen2.5-7B-Instruct,nf4,14,3,0.0,201.5,0.0,0.895,0.03,263.39,v2.3.1
Qwen2.5-7B-Instruct,nf4,14,3,5.0,279.0,0.0,,,263.39,v2.3.1
Qwen2.5-7B-Instruct,nf4,14,3,10.0,283.0,0.0,,,263.39,v2.3.1
Qwen2.5-7B-Instruct,nf4,14,3,15.0,256.0,0.0,0.88,0.025,263.39,v2.3.1
Qwen2.5-7B-Instruct,nf4,14,3,20.0,191.0,0.0,0.885,0.005,263.39,v2.3.1
Qwen2.5-7B-Instruct,nf4,14,3,40.0,273.0,0.0,0.59,0.155,263.39,v2.3.1
Qwen2.5-7B-Instruct,nf4,14,3,60.0,0.0,1.0,0.0,1.0,263.39,v2.3.1
Qwen2.5-7B-Instruct,nf4,14,3,80.0,0.0,1.0,0.0,1.0,263.39,v2.3.1
Qwen2.5-7B-Instruct,nf4,14,4,-80.0,0.0,1.0,,,263.39,v2.3.1
Qwen2.5-7B-Instruct,nf4,14,4,-60.0,0.0,1.0,,,263.39,v2.3.1
Qwen2.5-7B-Instruct,nf4,14,4,-40.0,219.0,0.0,,,263.39,v2.3.1
Qwen2.5-7B-Instruct,nf4,14,4,-35.0,193.0,0.0,,,263.39,v2.3.1
Qwen2.5-7B-Instruct,nf4,14,4,-30.0,216.5,0.0,,,263.39,v2.3.1
Qwen2.5-7B-Instruct,nf4,14,4,-25.0,203.0,0.0,,,263.39,v2.3.1
Qwen2.5-7B-Instruct,nf4,14,4,-20.0,199.5,0.0,,,263.39,v2.3.1
Qwen2.5-7B-Instruct,nf4,14,4,-15.0,173.0,0.0,,,263.39,v2.3.1
Qwen2.5-7B-Instruct,nf4,14,4,-10.0,205.5,0.0,,,263.39,v2.3.1
Qwen2.5-7B-Instruct,nf4,14,4,-5.0,196.0,0.0,,,263.39,v2.3.1
Qwen2.5-7B-Instruct,nf4,14,4,0.0,212.0,0.0,0.89,0.015,263.39,v2.3.1
Qwen2.5-7B-Instruct,nf4,14,4,5.0,213.0,0.0,,,263.39,v2.3.1
Qwen2.5-7B-Instruct,nf4,14,4,10.0,239.5,0.0,,,263.39,v2.3.1
Qwen2.5-7B-Instruct,nf4,14,4,15.0,186.0,0.0,0.9,0.025,263.39,v2.3.1
Qwen2.5-7B-Instruct,nf4,14,4,20.0,220.5,0.0,0.895,0.04,263.39,v2.3.1
Qwen2.5-7B-Instruct,nf4,14,4,40.0,210.0,0.0,0.665,0.15,263.39,v2.3.1
Qwen2.5-7B-Instruct,nf4,14,4,60.0,0.0,1.0,0.0,1.0,263.39,v2.3.1
Qwen2.5-7B-Instruct,nf4,14,4,80.0,0.0,1.0,0.0,1.0,263.39,v2.3.1
Qwen2.5-7B-Instruct,nf4,14,5,-80.0,0.0,1.0,,,263.39,v2.3.1
Qwen2.5-7B-Instruct,nf4,14,5,-60.0,0.0,1.0,,,263.39,v2.3.1
Qwen2.5-7B-Instruct,nf4,14,5,-40.0,111.5,0.0,,,263.39,v2.3.1
Qwen2.5-7B-Instruct,nf4,14,5,-35.0,134.0,0.0,,,263.39,v2.3.1
Qwen2.5-7B-Instruct,nf4,14,5,-30.0,157.5,0.0,,,263.39,v2.3.1
Qwen2.5-7B-Instruct,nf4,14,5,-25.0,151.5,0.0,,,263.39,v2.3.1
Qwen2.5-7B-Instruct,nf4,14,5,-20.0,155.5,0.0,,,263.39,v2.3.1
Qwen2.5-7B-Instruct,nf4,14,5,-15.0,181.0,0.0,,,263.39,v2.3.1
Qwen2.5-7B-Instruct,nf4,14,5,-10.0,179.5,0.0,,,263.39,v2.3.1
Qwen2.5-7B-Instruct,nf4,14,5,-5.0,182.5,0.0,,,263.39,v2.3.1
Qwen2.5-7B-Instruct,nf4,14,5,0.0,188.5,0.0,0.86,0.02,263.39,v2.3.1
Qwen2.5-7B-Instruct,nf4,14,5,5.0,189.0,0.0,,,263.39,v2.3.1
Qwen2.5-7B-Instruct,nf4,14,5,10.0,187.0,0.0,,,263.39,v2.3.1
Qwen2.5-7B-Instruct,nf4,14,5,15.0,231.0,0.0,,,263.39,v2.3.1
Qwen2.5-7B-Instruct,nf4,14,5,20.0,242.0,0.0,,,263.39,v2.3.1
Qwen2.5-7B-Instruct,nf4,14,5,40.0,259.0,0.0,0.555,0.255,263.39,v2.3.1
Qwen2.5-7B-Instruct,nf4,14,5,60.0,275.0,0.9,0.0,1.0,263.39,v2.3.1
Qwen2.5-7B-Instruct,nf4,14,5,80.0,0.0,1.0,0.0,1.0,263.39,v2.3.1
Qwen2.5-7B-Instruct,int8,14,1,-80.0,0.0,1.0,,,267.05,v2.3.1
Qwen2.5-7B-Instruct,int8,14,1,-60.0,214.0,0.9,,,267.05,v2.3.1
Qwen2.5-7B-Instruct,int8,14,1,-40.0,189.5,0.0,,,267.05,v2.3.1
Qwen2.5-7B-Instruct,int8,14,1,-35.0,161.0,0.0,,,267.05,v2.3.1
Qwen2.5-7B-Instruct,int8,14,1,-30.0,169.0,0.0,,,267.05,v2.3.1
Qwen2.5-7B-Instruct,int8,14,1,-25.0,174.5,0.0,,,267.05,v2.3.1
Qwen2.5-7B-Instruct,int8,14,1,-20.0,186.0,0.0,,,267.05,v2.3.1
Qwen2.5-7B-Instruct,int8,14,1,-15.0,176.0,0.0,,,267.05,v2.3.1
Qwen2.5-7B-Instruct,int8,14,1,-10.0,219.0,0.0,,,267.05,v2.3.1
Qwen2.5-7B-Instruct,int8,14,1,-5.0,217.0,0.0,,,267.05,v2.3.1
Qwen2.5-7B-Instruct,int8,14,1,0.0,198.0,0.0,0.91,0.005,267.05,v2.3.1
Qwen2.5-7B-Instruct,int8,14,1,5.0,221.5,0.0,,,267.05,v2.3.1
Qwen2.5-7B-Instruct,int8,14,1,10.0,213.5,0.0,,,267.05,v2.3.1
Qwen2.5-7B-Instruct,int8,14,1,15.0,222.0,0.0,0.91,0.0,267.05,v2.3.1
Qwen2.5-7B-Instruct,int8,14,1,20.0,213.5,0.0,0.905,0.01,267.05,v2.3.1
Qwen2.5-7B-Instruct,int8,14,1,40.0,230.5,0.0,0.66,0.13,267.05,v2.3.1
Qwen2.5-7B-Instruct,int8,14,1,60.0,0.0,1.0,0.0,1.0,267.05,v2.3.1
Qwen2.5-7B-Instruct,int8,14,1,80.0,0.0,1.0,0.0,1.0,267.05,v2.3.1
Qwen2.5-7B-Instruct,int8,14,2,-80.0,0.0,1.0,,,267.05,v2.3.1
Qwen2.5-7B-Instruct,int8,14,2,-60.0,142.0,0.4,,,267.05,v2.3.1
Qwen2.5-7B-Instruct,int8,14,2,-40.0,197.0,0.0,,,267.05,v2.3.1
Qwen2.5-7B-Instruct,int8,14,2,-35.0,196.0,0.0,,,267.05,v2.3.1
Qwen2.5-7B-Instruct,int8,14,2,-30.0,160.0,0.0,,,267.05,v2.3.1
Qwen2.5-7B-Instruct,int8,14,2,-25.0,212.0,0.0,,,267.05,v2.3.1
Qwen2.5-7B-Instruct,int8,14,2,-20.0,196.0,0.0,,,267.05,v2.3.1
Qwen2.5-7B-Instruct,int8,14,2,-15.0,241.0,0.0,,,267.05,v2.3.1
Qwen2.5-7B-Instruct,int8,14,2,-10.0,218.5,0.0,,,267.05,v2.3.1
Qwen2.5-7B-Instruct,int8,14,2,-5.0,231.0,0.0,,,267.05,v2.3.1
Qwen2.5-7B-Instruct,int8,14,2,0.0,275.5,0.0,0.925,0.0,267.05,v2.3.1
Qwen2.5-7B-Instruct,int8,14,2,5.0,252.0,0.0,,,267.05,v2.3.1
Qwen2.5-7B-Instruct,int8,14,2,10.0,245.5,0.0,,,267.05,v2.3.1
Qwen2.5-7B-Instruct,int8,14,2,15.0,304.0,0.0,0.9,0.0,267.05,v2.3.1
Qwen2.5-7B-Instruct,int8,14,2,20.0,220.0,0.0,0.89,0.015,267.05,v2.3.1
Qwen2.5-7B-Instruct,int8,14,2,40.0,203.5,0.0,0.475,0.285,267.05,v2.3.1
Qwen2.5-7B-Instruct,int8,14,2,60.0,0.0,1.0,0.0,0.98,267.05,v2.3.1
Qwen2.5-7B-Instruct,int8,14,2,80.0,0.0,1.0,0.0,1.0,267.05,v2.3.1
Qwen2.5-7B-Instruct,int8,14,3,-80.0,0.0,1.0,,,267.05,v2.3
Qwen2.5-7B-Instruct,int8,14,3,-60.0,383.0,0.8,,,267.05,v2.3
Qwen2.5-7B-Instruct,int8,14,3,-40.0,203.0,0.0,,,267.05,v2.3
Qwen2.5-7B-Instruct,int8,14,3,-35.0,207.0,0.0,,,267.05,v2.3
Qwen2.5-7B-Instruct,int8,14,3,-30.0,193.0,0.0,,,267.05,v2.3
Qwen2.5-7B-Instruct,int8,14,3,-25.0,245.0,0.0,,,267.05,v2.3
Qwen2.5-7B-Instruct,int8,14,3,-20.0,268.0,0.0,,,267.05,v2.3
Qwen2.5-7B-Instruct,int8,14,3,-15.0,228.5,0.0,,,267.05,v2.3
Qwen2.5-7B-Instruct,int8,14,3,-10.0,229.0,0.0,,,267.05,v2.3
Qwen2.5-7B-Instruct,int8,14,3,-5.0,192.5,0.0,,,267.05,v2.3
Qwen2.5-7B-Instruct,int8,14,3,0.0,263.0,0.0,0.92,0.0,267.05,v2.3
Qwen2.5-7B-Instruct,int8,14,3,5.0,314.0,0.0,,,267.05,v2.3
Qwen2.5-7B-Instruct,int8,14,3,10.0,199.0,0.0,,,267.05,v2.3
Qwen2.5-7B-Instruct,int8,14,3,15.0,258.0,0.0,0.905,0.005,267.05,v2.3
Qwen2.5-7B-Instruct,int8,14,3,20.0,199.0,0.0,0.88,0.01,267.05,v2.3
Qwen2.5-7B-Instruct,int8,14,3,40.0,198.0,0.0,0.645,0.14,267.05,v2.3
Qwen2.5-7B-Instruct,int8,14,3,60.0,0.0,1.0,0.0,1.0,267.05,v2.3
Qwen2.5-7B-Instruct,int8,14,3,80.0,0.0,1.0,0.0,1.0,267.05,v2.3
Qwen2.5-7B-Instruct,int8,14,4,-80.0,0.0,1.0,,,267.05,v2.3.1
Qwen2.5-7B-Instruct,int8,14,4,-60.0,149.0,0.5,,,267.05,v2.3.1
Qwen2.5-7B-Instruct,int8,14,4,-40.0,199.0,0.0,,,267.05,v2.3.1
Qwen2.5-7B-Instruct,int8,14,4,-35.0,190.0,0.0,,,267.05,v2.3.1
Qwen2.5-7B-Instruct,int8,14,4,-30.0,201.0,0.0,,,267.05,v2.3.1
Qwen2.5-7B-Instruct,int8,14,4,-25.0,201.5,0.0,,,267.05,v2.3.1
Qwen2.5-7B-Instruct,int8,14,4,-20.0,190.5,0.0,,,267.05,v2.3.1
Qwen2.5-7B-Instruct,int8,14,4,-15.0,181.0,0.0,,,267.05,v2.3.1
Qwen2.5-7B-Instruct,int8,14,4,-10.0,214.5,0.0,,,267.05,v2.3.1
Qwen2.5-7B-Instruct,int8,14,4,-5.0,195.0,0.0,,,267.05,v2.3.1
Qwen2.5-7B-Instruct,int8,14,4,0.0,201.0,0.0,0.905,0.015,267.05,v2.3.1
Qwen2.5-7B-Instruct,int8,14,4,5.0,232.5,0.0,,,267.05,v2.3.1
Qwen2.5-7B-Instruct,int8,14,4,10.0,204.0,0.0,,,267.05,v2.3.1
Qwen2.5-7B-Instruct,int8,14,4,15.0,193.0,0.0,0.915,0.02,267.05,v2.3.1
Qwen2.5-7B-Instruct,int8,14,4,20.0,215.0,0.0,0.935,0.01,267.05,v2.3.1
Qwen2.5-7B-Instruct,int8,14,4,40.0,209.0,0.1,0.725,0.13,267.05,v2.3.1
Qwen2.5-7B-Instruct,int8,14,4,60.0,0.0,1.0,0.0,1.0,267.05,v2.3.1
Qwen2.5-7B-Instruct,int8,14,4,80.0,0.0,1.0,0.0,1.0,267.05,v2.3.1
Qwen2.5-7B-Instruct,int8,14,5,-80.0,0.0,1.0,,,267.05,v2.3.1
Qwen2.5-7B-Instruct,int8,14,5,-60.0,117.0,0.1,,,267.05,v2.3.1
Qwen2.5-7B-Instruct,int8,14,5,-40.0,133.5,0.0,,,267.05,v2.3.1
Qwen2.5-7B-Instruct,int8,14,5,-35.0,125.5,0.0,,,267.05,v2.3.1
Qwen2.5-7B-Instruct,int8,14,5,-30.0,130.5,0.0,,,267.05,v2.3.1
Qwen2.5-7B-Instruct,int8,14,5,-25.0,134.0,0.0,,,267.05,v2.3.1
Qwen2.5-7B-Instruct,int8,14,5,-20.0,133.5,0.0,,,267.05,v2.3.1
Qwen2.5-7B-Instruct,int8,14,5,-15.0,139.5,0.0,,,267.05,v2.3.1
Qwen2.5-7B-Instruct,int8,14,5,-10.0,165.5,0.0,,,267.05,v2.3.1
Qwen2.5-7B-Instruct,int8,14,5,-5.0,174.0,0.0,,,267.05,v2.3.1
Qwen2.5-7B-Instruct,int8,14,5,0.0,174.0,0.0,0.87,0.0,267.05,v2.3.1
Qwen2.5-7B-Instruct,int8,14,5,5.0,193.5,0.0,,,267.05,v2.3.1
Qwen2.5-7B-Instruct,int8,14,5,10.0,202.5,0.0,,,267.05,v2.3.1
Qwen2.5-7B-Instruct,int8,14,5,15.0,225.0,0.0,0.87,0.015,267.05,v2.3.1
Qwen2.5-7B-Instruct,int8,14,5,20.0,252.0,0.0,0.84,0.035,267.05,v2.3.1
Qwen2.5-7B-Instruct,int8,14,5,40.0,238.0,0.0,0.6,0.155,267.05,v2.3.1
Qwen2.5-7B-Instruct,int8,14,5,60.0,0.0,1.0,0.0,1.0,267.05,v2.3.1
Qwen2.5-7B-Instruct,int8,14,5,80.0,0.0,1.0,0.0,1.0,267.05,v2.3.1
